리뷰,점수,감정판단
몸통은 크고 목은 너무 딱 맞아떨어지지만 목부분 지퍼를 좀 내려주면 진짜 편하고 따뜻하게  잘 입힐수 있는 디자인이예요~ 저희 강아지가 현재 가장 좋아하는 옷이기도 하구요 등길이가 길어서 엉덩이까지 덮이니까 목지퍼만 내려서 입히면 널널한데 따뜻한지 엄청 편해하더라구요~ 그리고 지퍼가 등쪽에 달려서 주인 입장에서는 지퍼잠그기 편하구 강아지입장에서는 지퍼가 목쪽에 거슬리지않아서 더 편한 거 같아요,5,1
등길이도 맞고 사이즈가 진짜 저희 강아지한테 딱이예요! 토이푸들인데 다른 아가들에 비해서 진짜 작은 사이즈거든요~ 살이쪄서 3키로대이지만 원래는 1.8키로대였던 요크셔보다 아주 살짝 등길이가 깁니다. 이 디자인은 진짜 입히면 벗기기 싫은 옷이예요 사진으로 볼때는 한번 입혀볼까 였는데 입히니까 진짜 너무 예뻐요! 갈색푸들이라 핑크계열 너무 잘 어울리는데 이 올인원입혀놓으니까 진짜 금상첨화예요ㅎㅎ,5,1
"조끼는 재구매했어요. 너무 신축성좋고 따뜻해서 겨울내내 입히고싶어 또 샀네요. 올인원은 뒷다리가 자꾸빠져요. 이쁘긴해요. 배송이 두번와서 두번째 또 온건5일동안 보관하다 연락없길래 빨았는데 빨자마자 돌려달라 연락왔네요ㅎㅎㅎ근데 이런경험 있는사람이 많더라고요? 제가 잘못한거라 바로 이체해드리긴 했지만, 주변얘기들이 일부러 상품받고 며칠후에 기다리다 사용햇을때쯤 연락하는거라고  하는말을 들으니 좀 기분이 그르네요. 설마   아니겠죠. 직원분이 실수하신거겠지.",5,1
후리스는 좀 작게 나왔어요~ 사람이 입어도 후리스는 달라붙게 몸에 딱맞게 입어야 이쁘잖아요 이 제품도 그렇긴 한데 진짜 너무 딱 달라붙어서 입히면 이쁘긴한데 목부분 꽉끼고 목살삐져나오다가 지퍼가 혼자 내려가고 그게 좀 아쉽네요ㅠ 그래도 다이어트중인 상황이라  입히고는 있습니다~ 더 빼면 그때는 더 잘 맞겠죠?ㅠ,5,1
여러분 이 상품 꼭 사세요ㅠ!!! 사진보다 실물이 훨씬 귀여운 옷이에요ㅠㅎㅎ 구매한 옷들 중에 이 옷이 가장 마음에 들었어요! 귀염포텐 터집니다ㅎㅎ 신축성도 살짝 있어서 사이즈도 딱 잘맞구요 활동성도 괜찮아보여요! 저희집 포메가 등길이 31cm에 가슴둘레가 50cm정도 인데 L사이즈가 딱 맞았어요! 등길이 40cm 정도인 푸들한테도 예쁘게 잘맞아요. 사이즈 잘재셔서 신축성 고려해서 구매하시면 실패 없으실 것 같아요~,5,1
별수면 조끼. 너무 예뻐요~ 냄새도 없고 촉감도 좋아요. 옷 입는것 싫어해서 평소에는 안 입고 있는데 옷이 예뻐서 주문했어요.  입을때는 싫어라 했는데 가벼워서 강아지가 옷 입은 줄 모르는것 같아요.^^  주문할때 사이즈 고민 많이 해서 다른분들  참고만 하세요. 코카스파니엘. 노견. 살이 좀 쩌서 8.2kg. 가슴50. 목 30.  강아지 체형이 옷 사이즈하고는 안 맞아서 걱정했는데 2XL 괜찮네요. 후리스는 아직 못 입혀봤습니다.,5,1
극세사 재질이라 안감까지 부들부들해서 너무 좋아요! 그리고 디자인도 너무 예뻐서 샀구요😚 토순이 조끼가 인기가 많더라구요!!!  사이즈 팁💡  상세 사이즈표 참고하세요. 저는 후기보고 작다고 하시는분 많아서  일부로 한치수 크게 샀다가 망했어요 ㅠㅠ 저희 아가는 평소m 입고 푸들이라 등이 길거든요   (28센치 오네요)후기들도 등길이가 하도 짧다는 평이 많아서 고민하다가 L사이즈로 주문했는데... 역시나...품이 너무 크네요 ㅠ 교환비가 5000원이라 그냥 입지만.. m으로 살걸 크게 후회중이예요... m하고 L 두개 구입했는데 m은 입으니까 딱 맞더라구요ㅠㅠ 그리고 사이즈 차이가 너무 커요.... 다시 말하지만 품이 진짜 너무 큽니다...ㅎㅎㅎ 아기 치수 재서 사이즈표랑 비교해서 구매하세요,5,1
"핑크색상이 XL가 품절이어서 L로 주문했는데, 품은 맞지만 푸들이라 등길이가 짧네요ㅎㅎ 예상한 부분이라 만족해용ㅎㅎ 네이비 색상은 포메에게 아주 딱 알맞게 잘맞았습니다! 촉감도 부들부들 해서 애기들이 편하게 있는 것 같아요~ 입혀놓으니 귀여워요ㅎㅎ 저렴한 가격에 가성비 좋은 상품이네요!",5,1
옷 진짜 너무너무너무 귀여워요 ㅠㅠㅠ  제가 자주 하는 강아지 카페 커뮤에 글 올려서 자랑했더니  여기저기 이쁘다고 난리 옷 정보 달라는 사람이 너무 많았아요😚 극사세 원단이라 안감까지 너무 부들부들해요!   사이즈 팁💡  상세 표기에 나온대로 보고 사세요 ㅠㅠ 저는 후기들이 하도 등길이가 짧다고 해서 일부로 한치수 크게 샀는데 진짜 너무 커요;; 폼도 너무 커서 산적같아요... 여러분 무조건 아기 등길이 치수 재서 확인하고 사세요.,5,1
분명히 저는 선물용이라고 말씀 드렸고..오늘 상품을 받아서 바로 열어보니 여러군데 바느질이 미흡한 부분이 보였습니다 그래서 금액이 저려하니까 괜찮타고 생각하려던 찰라  원피스 허리에 리본 실밥이 튀어나와 리본이 삐툴비툴 하더군요..가위로 실밥을 살짝 잘랐습니다..  그런데 리본이 풀리더군요  아무리 저렴하게 팔아도 이건 아닌것같네요ㅡㅡ,5,1
강아지가 너무 좋아하고 너무 귀여워요.. 옷감도 완전 부드럽습니당 입혀놓으니까 완전 애기같아서 소리지르면서 사진 찍었어요ㅜ 다음에 다른 색으로 또 살거예요 번창하세요! ++ 아 그리고 단추는 채우는게 아니라 이미 저렇게 되있는거 저 상태로 애기한테 입히면 돼요!!! 그래서 더 편하게 있는 것 같고 저도 입히기 편했어요,5,1
애기미용하고 허전해할까바 구매햇어요~  상품받고 너무 부드러워서 놀랫어요~  색상이랑 디자인도 너무 예쁘고~ 아가가 넘 좋아해요~  따뜻해서 많이안추운날엔 저옷만입고도 산책한답니다~ 옷은 살짝 크네요~ 그거빼곤 너무 좋아요,5,1
12살 2.4키로 말티즈에요 저희 애기는 말랐지만 몸통이 긴편이라 m입혀요 이건 집에있는 m사이즈들보다 좀더넉넉해요 몸길이는 어깨부터 꼬리시작까지 대략 30센치 정도 되네요 나이들면서 부쩍 추위를 많이타 실내복으로 편하게 입힐려고 샀어요 많이 두툼하지 않아  금세 입히고 훌렁 벗기기 편해요 특히 원단이 부들부들해서 촉감이 너무 좋네요,5,1
너구리 네개 샀는데 넘 귀여워요ㅠㅠ 볼때는 안 그래 보였는데 은근 두께가있고 부드러운 재질이라 따뜻하게 잘 입히는 중입니다! 사이즈도 표기된 거 보고 애들 몸길이 재서 샀더니 딱이에요! 특히 너구리는 모자를 고정시킬 수 있는 똑딱이가 있어서 좋았어요!,5,1
저희 강아지가 2.5키로 치와와 인데 가슴둘레가 30센치에 몸길이가 24라서 m 을 시켰더니 다른곳은 다 맞는데 길이가 좀 길어요 꼬리까지 가려버려요 ㅠㅠ s는 작을것 같고 다른 옷을 시킬걸 그랬어요 근데 옷은 이뻐요 어떻게 수선해서 입히려고요,5,1
피부 약한 애기 키우고 있는데 다른 옷은 전부 몰라도 와 수면 조끼 하나는 인정해 드려야 할 것 같아요 저는 얘 맨몸에 뭐 걸치고 잔 걸 보기는 봤어도 떡실신 하는 건 첨 봤어요 사실 토끼 조끼가 더 귀여워서 사 입히고 싶었는데 애기 얼굴 믿고 뭘 입혀도 귀엽겠지 싶어 화면상으로 조금 구린 민트 별 조끼 주문했거든요 패완얼인지 그냥 조끼가 귀여운 건지 귀엽기만 하네요 애기도 걸리적거리는 곳이 없는지 긁지도 않고 부자연스럽지도 않고 리뷰 안 쓰려다가 써요 아 나머지 단가라랑 나그랑도 너무 귀여워요 벗겨 놓은 것도 귀여운데 입혀 놓으니까 세 배 더 귀여운 것 같은데 견주 분들 그냥 사세요,5,1
기모가 들어가있고 원래 M사이즈입히는데 통풍되라고 편하게 입히려고 L샀는데 낙낙하이 벗겨지지않고 잘맞아요. 옷에 냄새도 안나고 이쁩니다. 사세요~저희강쥐 2.5키로 토이푸들이공 허리길어요. 올인원은 M입혀야합니다. 안그럼 배변이 다묻음~,5,1
좋아요. 잘못온거는 교환해주신다고 해서 보냈고 아직 안왔네요.  잘입힐게요~ 개가 많은데 한 놈이 덩치가 작아 잘 물리기도 하고 힘들어했는데 다른 어떤개가 사자옷입고 극복했다는 얘기가 있어 반신반의하면서 주문했는데요.  사자옷입히고나니 정말 자신감 뿜뿜이네요~  대른 애들도 얕잡아보지 않구요 ㅋㅋ,5,1
좋아요. 잘못온거는 교환해주신다고 해서 보냈고 아직 안왔네요.  잘입힐게요~ 개가 많은데 한 놈이 덩치가 작아 잘 물리기도 하고 힘들어했는데 다른 어떤개가 사자옷입고 극복했다는 얘기가 있어 반신반의하면서 주문했는데요.  사자옷입히고나니 정말 자신감 뿜뿜이네요~  대른 애들도 얕잡아보지 않구요 ㅋㅋ,5,1
좋아요. 잘못온거는 교환해주신다고 해서 보냈고 아직 안왔네요.  잘입힐게요~ 개가 많은데 한 놈이 덩치가 작아 잘 물리기도 하고 힘들어했는데 다른 어떤개가 사자옷입고 극복했다는 얘기가 있어 반신반의하면서 주문했는데요.  사자옷입히고나니 정말 자신감 뿜뿜이네요~  대른 애들도 얕잡아보지 않구요 ㅋㅋ,5,1
좋아요. 잘못온거는 교환해주신다고 해서 보냈고 아직 안왔네요.  잘입힐게요~ 개가 많은데 한 놈이 덩치가 작아 잘 물리기도 하고 힘들어했는데 다른 어떤개가 사자옷입고 극복했다는 얘기가 있어 반신반의하면서 주문했는데요.  사자옷입히고나니 정말 자신감 뿜뿜이네요~  대른 애들도 얕잡아보지 않구요 ㅋㅋ,5,1
좋아요. 잘못온거는 교환해주신다고 해서 보냈고 아직 안왔네요.  잘입힐게요~ 개가 많은데 한 놈이 덩치가 작아 잘 물리기도 하고 힘들어했는데 다른 어떤개가 사자옷입고 극복했다는 얘기가 있어 반신반의하면서 주문했는데요.  사자옷입히고나니 정말 자신감 뿜뿜이네요~  대른 애들도 얕잡아보지 않구요 ㅋㅋ,5,1
6갤반짜리 2.초반 포메에요. M사이즈가 조금이라도 클줄알앗는데 너무 딱맞아요. 딱맞아서 지금은 이쁜데 조금더크면 입을수잇을진 모르겠어요.ㅎㅎ옷이 오자마자 토끼귀장식을 하나 물어뜯었네요...옷품질은 가격대비 하자도 없고 좋아요 ^^,5,1
예전에 아디독스올인원 m사이즈 입혔었는데 좀 쫑겨보여서 이번에 라지 주문했더니 후드티는 그래도 넉넉하니 입을만 한데 올인원은 자꾸 뒷다리가 빠지네용ㅜㅜ m이 쫌 쫑기긴해도 m사이즈 입혀야할것같아요... 라지는 크지만 일단 옷이 예쁘기때뮨에 잘 입힐것같아요ㅎㅎㅎ 회사에 있는 푸들 옷도 같이 주문했는데 잘 맞을런지 모르겠지만 매우만족해요!! 슬링백은 좀 얇구요 제 키가 작은편은 아닌데도 키작은분들이 쓰기엔 너무 긴것같다는 생각이 들어용 여기 귀여운 강아지옷듀 많고 담에 또 주문하겠습니당ㅎㅎ,5,1
두번정도 세탁했는데 색도 안 빠지고 괜찮네요!,5,1
이거진짜 핵귀야움!! 핑크색 완전 러블리 실물이 짱이에여 다른색도 사고파용,5,1
귀여워요.. 핰 다른 색은 아직 안입혀봐써여,5,1
스판인데다가 시보리처리 되어있구 발넣는곳도 구멍이 크지않아 배를 하늘로 향해잘때도 발빠짐이 없어 너무 좋습니다.촉감은 부드럽구 사이즈도 딱이고 짐까지 입히는 조끼중에 젤 맘에 들어요. 실내복으로도 최고구  좀 더 큰 사이즈도 구매해서 이중으로 겉옷에 입혀야겠어요.^^,5,1
뒷다리가 추워보여서 올인원을 처음 사줬는데 아주 좋습니다. 이 옷입으면 귀엽다고 인기만점이에요.,5,1
아이한테 넘 잘 맞아요 다른 아이들것도 구매하려구요~~,5,1
배송 빨리 오고 좋아요. 재질도 부들부들 좋아요. 강아지가 좋아해요. 그리고 옷이 너무 귀여워요.,5,1
"레드,네이비 샀는데 s와m의 사이즈 차이가 크네요 특히 목둘레가요..1.8키로  2.8키로  토이푸들인데요  1.8키로: s는 딱맞고 m은 엄청크고 2.8키로:s는 작고 m은 헐렁해요 목둘레가요~길이는 맞구요~ m이 약간만 작았으면 딱인데 미용을 한상태라 더 그랬을수도 있구요~ 질은 좋아요~^^",5,1
10키로 믹스에용 몸통이 두꺼운 편이라 가슴쪽만 살짝 껴요ㅋㅋ 그거말곤 다 이뻐요 천도 좋아요,5,1
나그랑티 마음에 들어서 세종류 다 샀어요 아직 노란색만 입혀봤는데 다른 색도 다 예뻐요,5,1
말티즈 1.5kg 울집 막내 옷 샀어요^^ S  핑크색으로 샀는데 예쁘네요. 옷은 너무 편하고 좋은데 길이가 조금 작은듯 하네요. 품은 넉넉해요^^ 울 막내가 큰편은 아닌것 같은데 ^^,5,1
촉감도 좋구 따뜻해 보여요,5,1
닥스훈트가 입기에도 나름 괜찮았어요ㅎㅎ다만 물어뜯어서 하나 더사야할것같아요ㅠㅠ,5,1
집에서 미용하고 추워해서 사줬어요 가격도 너무저렴하고 재질도 너무 부드러워요,5,1
너무너무 대만족이에요,5,1
고양이한테 입혀도 딱 좋아요!,5,1
너무 귀여워요..  사이즈도 잘 맞고 강아지가 옷입는걸 싫어하는데 입히기 너무편해서좋아요,5,1
3.3키로 정도 되는 말티즈에요 L사이즈 입으니 적당히 딱 맞고 색도 귀엽고 좋아용!,5,1
사진이랑별반다를건없는데 그래도 옷이 구김이 좀 있네요 그래도 입혀놓으니 이쁘네요!,5,1
겨울동안 추울때 잘 입혀서 산책다녔어요ㅎㅎ,5,1
강아지한테 다행히 아슬아슬하게 맞아요. 너무 예쁘네요. 강아지한테 입혀두고 설날가니 다들 예쁘다네요.,5,1
옷 이뿌네요 근데 입히기 힘들어서 잘 안입히게되네요ㅜ,5,1
짱 귀여워요ㅠㅠ 우리 멍멍이 외모 포텐을 올려주는!,5,1
빨리왔고 저렴한 가격에 너무 귀여운 옷이에요,5,1
토순이토끼 너무 좋아요~ 겨울에 따뜻하게 잘 입힐게요~,5,1
지퍼도 플라스틱재질이라 안전하고 너무 따뜻할거같더라구요. 목까지 올라오니까 목도리도 필요가 없구 너무 좋아요. 게다가 색감이 너무 예뻐서 마음에 들어요. 잘 입히겠습니다!!,5,1
배송도 빠르고 옷재질이좋아요~ 조끼너무너무귀여워요 다음에또살게요~,5,1
좋아요 좋아요 좋아요,5,1
좋아요 좋아요 좋아요,5,1
좋아요 좋아요 좋아요 좋아요,5,1
좋아요 좋아요 좋아요 좋아요,5,1
빡빡이되고 불쌍해서 밖에 다녀도 2xl는 없어서 급하게 샀는데 맘에듭니다,5,1
이 퀄리티를 누가 만원이하라고 생각하겠어요. 두껍고 좋네요 너무 귀여워서 심장이 멈출뻔했네요,5,1
가격대비 굿~~~^^ 봄되면 또 구매하러올께욧!,5,1
긔엽고 소재도좋은것같아요,5,1
긔엽고 소재도좋은것같아요,5,1
디자인도 이쁘고 재질도 좋아요,5,1
입고 벗기기에 편해요,5,1
봄에입기좋아요 오른쪽 중간옷이요,5,1
쫀쫀하니 진짜 면이좋아요,5,1
너무 따쑤할거 같아요 ㅎㅎ 잘 입힐게요 참고로 저희 댕댕이는 6kg에요..다리가 짧고 몸이 긴 ㅎㅎ,5,1
예쁘고 좋아용~~~,5,1
가격도싸고 입히기도편하고 강아지도 편해하는거같아요 니트로된거입혔드니 밤사이 혼자 탈의하고 벌벌떨고있더라고요 발톱으로긁어도 안벗겨지고 좋아요!,5,1
넘기여워여 쪼낀줄알았는데 걍티내여ㅜ 오프서 만오천원하길래 언능샀어용,5,1
옷이딱맞았는데한달뒤는 등길이가길어저서 옷이짧아졌어요,5,1
울아가 털갈이하느라 다 밀어버려서 추워보였는데 입히니 한결낫네요 깔끔하고 예뻐요~~,5,1
작은감이 없지않아 있지만 옷은 부드럽고 좋아용!.!><,5,1
옷이첨엔딱맞았는데지긍은강아지가 커서 옷이껴요,5,1
생각보다 괜찮네요 아기때매 한겨울에도 빡빡이로미니 오들오들떨어서샀는데 잘 입고있어요ㅎ,5,1
소재도 나쁘지 않고 마감도 괜찮아오 저렴하게 잘 구매했습니다~~^^,5,1
너무 귀여워요 택배 6개 왔는데 제일먼저 뜯어봤어요 사랑스럽네요,5,1
라지 시켰는데 사이즈가 좀 작게 나온거같구요 근데 클거 각오하고 시켰던터라 잘맞네요 ㅋㅋ 따뜻하고 부드러워요 강아지가 안벗을라고하네요,5,1
옷 싸게 잘 샀어요 보들보들 하니 애도 좋은지  편안해 보이네요  원래 라지 입는데 정사이드 구요  말티 10년된애 에요  만족합니다,5,1
화사해보이고 너무 예뻐요 털 끼임 방지하는 것도 있어서 편하고 안전해요 배송도 빨라요! 이번 겨울 요 후리스로 잘 보낼 수 있겠어용,5,1
다른 S 사이즈에 비해서는 조금 작게 나왔지만 작은 강아지들한테는 좋은 거 같아요 뒤 쪽에 지퍼가 있는 제품이라 강아지가 물지도 않고 좋습니다,5,1
너무 예뻐요 토순이조끼,5,1
너무 귀엽고 예뻐요,5,1
발까지 가려서 좋아서 산책 할 때 덜 추운거같아요 너무 이뻐요,5,1
아이들에게 사이즈도 아주 딱이에요 따뜻,5,1
"부드럽고 가성비가 너무좋은데 목부분이 좀 조이나봐요ㅠ 자꾸 물어뜯네요,, 그래도 옷이 참 괜찮습니다 그나마 편해보여요~",5,1
가성비 좋은옷~ 담에도 여기서 구매할게여~ 만족스럽습니다! 같은옷 색별로 두개 구매햇어요~,5,1
약간 다른 가게옷보다 작은감이있지만  그래도 입다보면 늘어날거같아여  잘어울려요~,5,1
집에서 입히기에 편하게 보이기도하고 수면잠옷  옷감이라 보ㅡㄹ보들 ㅎ,5,1
따뜻하고 불편해하지 않아 좋아요 또구매했어요,5,1
좋아요 재구매했어요ㅅ,5,1
좋아요 재구매했어요ㅎ,5,1
옷도 이쁘고 마음에 들어요,5,1
옷도 이쁘고 마음에 들어요,5,1
저렴한데 질도좋고 편하고 이건몇개 쟁여야할것같아여!!!,5,1
보들보들 촉감이 좋아요ㅎ,5,1
핑크색 사고 맘에 들어서 재구매했어용,5,1
추운날 입히려고 샀는데 애가 잘 입고 편해합니다,5,1
귀엽네요 ㅎ 배송와서 털이 많이 빠지길래 한번 세탁해서 입혔어요,5,1
옷도 편하고 저희 애기가 입었을때 너무 귀여워보여요 다음에 다른색도 구매할께요,5,1
나중에 다른 색도 하나 사야겠어요 이뻐요,5,1
이뻐요! 입힌 사진은 없지만 잘어울리네요,5,1
생각보다 소매가 기네요,5,1
사이즈도 맞고 아이가 편해해요,5,1
보드랍고 따뜻해서 작은 아이가 좋아해요.,5,1
생각보다 디자인도 귀여워요~,5,1
이뻐요..너무 귀엽구요. 말티즈4키로인데 조금 커요.. 흰색부분이 면이라 신축성도 조금있구요..,5,1
보드랍고 두툼해서 넘 예뻐요.,5,1
나름 따뜻할거같아요,5,1
애기가 모자있는 옷은 불편해 해서 잘 안입히게되네요ㅠㅜ,5,1
옷은 귀여운데 저희 애기가 모자때문에 불편해하네요,5,1
배송빠르고 이뻐요ㅎㅎ,5,1
생각보다 아담해서 놀랐어요.ㅋㅋㅋ 한 사이즈 크게 살껄....ㅠ 그래도 이쁘고 따뜻해서 만족하고 있습니다. 다만 지퍼가 계속 내려가서 조금 아쉽네요.,5,1
요새 패딩안에 입히는데 너무 기여워여ㅠ,5,1
조금 커서 아쉬워요 교환하기도 번거롭고 해서 손바느질로 대략 조여서 입혀요.,5,1
따뜻하게 잘 입히고있어요~,5,1
모두가 다 잘 맞으면 좋겠지만 동일 하지 않은 점빼고는 괜찮아요,5,1
같은 사이즈인데 어떤 옷은 크고 어떤 옷은 잘맞고 하네요 이번에 여러개를 주문했는데 사이즈가 동일 하지 않아서 조금 아쉽습니다,5,1
두고두고 잘 입을께요 감사합니다,5,1
두고두고 잘 입을께요 감사합니다,5,1
면도 좋고 빨아도 보풀이 생기지 않고 신축성도 있음. 한치수 크게 시킴,5,1
멜빵이랑 골지티 주문해서 입혔어요! 너무 귀여워요ㅎㅎ,5,1
골지티 멜빵 같이 구매해서 입혔어요 ㅎㅎ 넘 귀여워요,5,1
두고두고 잘 입겠습니다 감사합니다,5,1
보통 L사이즈가 맞았는데 요건 조금 작게 나온거 같애요.. 하지만 예쁘고 신축성도 좋으네요~~,5,1
푸들인데 평소 라지사쥬 맞았는데 길이가 좀 짧지만 품은 맞아요~~귀여워요~,5,1
예쁘고 활동성 좋고 착한가격 아주 좋아요.,5,1
활동성 좋고 착한가격 마음에들어요,5,1
라지 사쥬 구매했는데 길이가 좀 짧지만 이뻐요,5,1
크지만  예ㅣ쁘네요,5,1
사이즈는 한사이즈 크게 주문했어야 했지만 입히니깐 귀여워요~~,5,1
겨울에 미용해놓으면 추워해서 집에서 티셔츠입혀놀려구 샀어요 이쁘고 원단도 괜찮아요^^,5,1
사이즈 미스로 교환했는데 처리도 빠르게해주시고 좋았어요!,5,1
괜찮아요~~~///~///~////~~~/,5,1
요제품은 색상별로 다산거같아요ㅋㅋ,5,1
정말 너무 귀여워요~!ㅋㅋ잘입힐게요,5,1
마음에들어요!!!배송이 정말 빨라서 좋았어요,5,1
소재 부들부들하고 예쁘네용,5,1
냥냥이 목에너무 커서 어깨가들어나서 수선한거빼곤 부들부들 조으네요 ㅋㅋ 잘입고있어용,5,1
따시겠어요 잘 입힐게요 강아지가 웃네요,5,1
귀엽고 깜직한게ㅡ따따하게 입힐려고요,5,1
적당히 따뜻하고 아주 귀여움,5,1
저렴하게 잘 샀어요 7킬로 엑스라지 입혔어요 입고 잘 놀아요,5,1
좋아요 후리스 너무 귀여워요 다들 어디서 이런 옷을 샀냐고 그래요ㅋㅋ,5,1
진짜예뻐요 딱맞구요,5,1
주문한 상품은 빠르게 잘 받았습니다. 상품 싸이즈가 생각보다 작은것 같아서  아쉽네요. 수고하세요!,5,1
이 옷 되게 좋아해요,5,1
가운데 단추가 깨졌어요ㅜㅜ 그래서 별 하나 뺐어요,5,1
몽뭉이들리 누너머 기여어요ㅠㅠㅠ,5,1
다른옷에 비해서 신축성이 없어요,5,1
신축성도 좋고 편하게입어요,5,1
지퍼라서 편하게 입혀요,5,1
끝이 돌돌 말려요 이건,5,1
오줌 싸거나 똥 쌀 때 안 묻을 것 같아요 후리스 조끼랑 입히려고 샀는데 넘나 찰떡 ㅠㅠ,5,1
유기견 후원선물로 샀어요,5,1
유기견후원하려고 샀어요,5,1
유기견후원하려샀어요,5,1
카키색 샀다가 너무 귀여워서 베이지도 샀어요 ㅎㅎ 만족합니다 개타고니아,5,1
아직 애기라서 못입혔어욯ㅎㅎㅎ,5,1
너무귀여워요 길이가 살짝 짧은 감 있지만 짧은 조끼입힌 느낌입니다 ㅋㅋㅋ 귀여워요! 사이즈를 처음에 잘못 주문햇지만 재주문 후 사이즈 성공했어요~ 앞으로 사이즈는 가슴둘레로 맞춰사면될것같아요^^ 감사합니다,5,1
사진하고 똑같네요. 너무귀여워요~,5,1
라지샀는데 좀 작게나온거같은데요 ㅠㅠ 작으면 작은대로 그냥 입히려고 세탁기행. 싸쥬말고는 이가격에 만족합니다,5,1
옷입는고 싫어 하는데 따뜻하고 좋아해요,5,1
옷입는고 싫어 하는데 따뜻하고 좋아해요,5,1
너무 춥지 않을때 산책용으로 입히면 놓을것이다 같아요. 가볍고 따뜻해 보입니다,5,1
선물로 구매했어요! 저렴하고 좋아요,5,1
사진과같아요 따수울듯,5,1
실물이더이뼈요   활동성도좋아서  맘에속들어요,5,1
밝은 브라운이라 더 맘에 듭니다. 가볍게 잘 입힐수 있겠어요,5,1
조끼 너무 귀여워서 사람들이 다 물어봐요 ㅠㅠ,5,1
피부질환으로 털을 민 아이에게 입히니 딱 좋습니다,5,1
사이즈가 생각보다 큰거 같아요! 너무 잘입히고 있습니다 부드럽고 좋아요,5,1
생각보다 강아지에게 잘어울렸습니다.,5,1
사람들이 다 조끼 귀엽다고 어디서 샸나고 물어봐요 ㅠㅠㅠ,5,1
옷세개 신발하나구매했는데 옷도 다사이즈도맞고 너무예뻐요 신발도 벗겨질까봐걱정이였는데  약간커도 쪼임이있어서 전혀벗겨지지않아요ㅎㅎ  강아지가적응만하면될듯해요ㅋㅋ이상한지 발을자꾸들어서ㅋㅋ,5,1
이뻐요. 생일파티할때 입었는데 진짜 이뻤어요 ㅎ 근데 리본.. 정말 제대로 붙어있지않아서 바느질 다시했어요. 그것빼고는 굿~~,5,1
귀여워요 따뜻하게 잘입고있습니다 3키로 말티즈인데 라지 샀어요,5,1
예쁘고 사이즈도 딱 맞아요,5,1
생각한 만큼의 제품이 왔어요...,5,1
공쥬옷 사이즈는 좀 작게나온듯하구여. 사진빨 최고 잘받아요 ㅎ,5,1
애기들입히려고샀어요 이뻐요,5,1
애기들입히려고샀어요 이뻐요,5,1
애기들입히려고샀어요 이뻐요,5,1
애기들입히려고샀어요 이뻐요,5,1
아주 좋아요 사이즈도맞고,5,1
수면조끼 저렴해서 핑크랑 민트 구입했어요 보들보들 가벼워 좋아요,5,1
정말 딱 맞고 최고에요!!등길이가 길어서 고르고 골라서 샀는데 안성맞춤이에요,5,1
입는순간 인싸되는 초귀염옷 ㅠㅠ 고무줄짱짱하고 보풀없어요!,5,1
옷을 샀는데 그냥 장난감으로 쓰고있어여 ㅎ 코끼 눈코입꽃 다 이빨류 뜯어내고 요새는 물어뜯고 노네요 공보다 더 잘 가지고 놀아요 ㅎ,5,1
선물용으로 샀는데 친구개 허리가 너무 길어서 ㅋㅋㅋ티처럼 보여요!! 그래도 넘 귀여워요,5,1
조끼에지퍼없어요ㅠㅠ 있는줄알았는데 고거빼고는 괜찮아요,5,1
조끼에지퍼없어요ㅠㅠ 있는줄알았는데 고거빼고는 괜찮아요,5,1
조끼를시켯는데 지퍼나똑딱이가있는주 알고 주문했는데 없었네요ㅠㅠ 고거빼면 괜찮아요,5,1
ㅋㅋㅋ귀여움ㅋㅋㅋ 안입을까봐 그냥 젤 싼거 했는데 가성비 갑ㅋㅋㅋ 가슴둘레 52나오고 10키로 정도 나가는데 투엑스라지하니까 되네용. 요롱이라 길이만 좀 짧아요 ㅋㅋ,5,1
너무 좋앗어요굳굳굳,5,1
이렇게 귀여울수가 있나요?...,5,1
아주 귀엽습니다~~,5,1
예뻐요. 말티즈 사이즈도 잘맞아요,5,1
잘받았습니다  예뻐요,5,1
잘받았습니다  예뻐요,5,1
예뻐요  잘받았습니다,5,1
넘  이쁘고 좋아요,5,1
좋아서 재구매했어요!,5,1
좋아서 재구매했어요,5,1
강아지한테 입혀줬더니 너무 예뻐요  모자를 씌여주니깐 너무 커서 눈이 가려져요  모자말고는 맘에들어요 이번겨울에 따뜻하게 보낼 수 있을거 같아요,5,1
새해 맞이 여행으로 사서 잘 놀다왔어요 너무 귀엽고 딱 맞아서 만족해요,5,1
털깎았을때 집안에서 썰렁하지않게 평상복으로 딱입니다,5,1
패딩 안에 이너로 입혀요~ 불편할까 걱정했는데 잘 다니네요,5,1
싸게사서 잘 입히고있어요 ㅎㅎ,5,1
두번째 구매해서 잘 입히고 있습ㄴ다,5,1
만족하며잘 입히고 있습니다,5,1
잘입히고  있습니다,5,1
아이가 편안해해요. 사이즈만 있음 더 샀을텐데,5,1
편하게 잘 쓰고 있어요. 좋아요.,5,1
다리부분은 길어서 조금 자르고 다시 꿰맸어요 그거말곤 너무 귀엽고 산책갈때도 따뜻하게 갈수있어 좋아요,5,1
계속해서 잘입고 다니고있습니다.,5,1
입혀 놓으면 너무너무 귀여워요,5,1
옷은 넘좋은대 지퍼가 등에있어야 편한대말이죠 ㅠ ㅠ  그거빼면 아주좋아요.,5,1
작아서 한치수큰걸삿ㄱ어요 품은 이게맞는대 기장은 라지가맞네요 ^^,5,1
좋아용.아이가 겨울에는 추워해서 잘때 옷입혀주니 편하게자요,5,1
배송도 빠르고 옷이 너무 귀엽고 보드라워요 사람조끼도 있음 사고 싶을정도로 이쁘네요~~~,5,1
얘는 좀 작게나온거같아여 ㅠ 그래도 옷은이쁩니다,5,1
좋아서 재구매했어요!,5,1
좋아서 재구매했어요,5,1
강아지한테 입혀줬더니 너무 예뻐요  모자를 씌여주니깐 너무 커서 눈이 가려져요  모자말고는 맘에들어요 이번겨울에 따뜻하게 보낼 수 있을거 같아요,5,1
새해 맞이 여행으로 사서 잘 놀다왔어요 너무 귀엽고 딱 맞아서 만족해요,5,1
털깎았을때 집안에서 썰렁하지않게 평상복으로 딱입니다,5,1
패딩 안에 이너로 입혀요~ 불편할까 걱정했는데 잘 다니네요,5,1
싸게사서 잘 입히고있어요 ㅎㅎ,5,1
두번째 구매해서 잘 입히고 있습ㄴ다,5,1
만족하며잘 입히고 있습니다,5,1
잘입히고  있습니다,5,1
아이가 편안해해요. 사이즈만 있음 더 샀을텐데,5,1
편하게 잘 쓰고 있어요. 좋아요.,5,1
다리부분은 길어서 조금 자르고 다시 꿰맸어요 그거말곤 너무 귀엽고 산책갈때도 따뜻하게 갈수있어 좋아요,5,1
계속해서 잘입고 다니고있습니다.,5,1
입혀 놓으면 너무너무 귀여워요,5,1
옷은 넘좋은대 지퍼가 등에있어야 편한대말이죠 ㅠ ㅠ  그거빼면 아주좋아요.,5,1
작아서 한치수큰걸삿ㄱ어요 품은 이게맞는대 기장은 라지가맞네요 ^^,5,1
좋아용.아이가 겨울에는 추워해서 잘때 옷입혀주니 편하게자요,5,1
배송도 빠르고 옷이 너무 귀엽고 보드라워요 사람조끼도 있음 사고 싶을정도로 이쁘네요~~~,5,1
얘는 좀 작게나온거같아여 ㅠ 그래도 옷은이쁩니다,5,1
다른데서 산 조끼랑 입혔는데 찰떡이에요,5,1
좀 작은고같지만 잘받았습니당,5,1
가격도 측하고  디자인고 이쁜데 제품이 고 퀄리티라 깜짝 놀랐어여... 김사합니다  많이 파세요 ~,5,1
생각보다 싸이즈가 커서 아쉬웠어요,5,1
생각보다 싸이즈가커서 잘안입네요,5,1
긔엽고 소재도좋은것같아요,5,1
긔엽고 소재도좋은것같아요,5,1
실물 너무 귀엽고 아기옷같아요 ㅎㅎㅎ,5,1
"봄가을외출복, 실내복으로 좋네요",5,1
가격에 비해 좋은 상품이구 입혀봤더니 너무 귀여웡 ㅋㅋ,5,1
이거 진짜 면이 좋아요,5,1
면이 진짜좋아요^^,5,1
사이즈선택미스긴한데 디자인은 귀여워효,5,1
우리애기한텐 조금 불편해보이네요ㅜㅜ,5,1
제가원하는 색깔이 아니여서 당황 크림색 강아지에 노랑색옷이라 좀~~~ 그래도원단이 부드럽고 편한거같아요,5,1
핑크색구입 입혀보니   귀엽구 따뜻해요~,5,1
스판이 좋아서 맘에들어요 ㅎㅎ,5,1
활동하기편하고 좋아요,5,1
귀엽고 맘에들어용!!!,5,1
진짜 귀여워요!!!,5,1
배송도 빠르고 옷도 좋네요,5,1
3.2키로 미디움사니까 딱 이뿌게 맞아요 만족,5,1
옷 다 재질도 좋고 일단 따뜻하게 입히는데 저렴해서 너무좋습니다 신발만ㅜ 개님이 안맞아서 꾸역꾸역신기네요 개님 특성상 발구조가 특이하니 어쩔수없는부분입니당ㅋㅋㅋ,5,1
부드럽고 가벼워서 좋네요.,5,1
"부들부들 편하고 입혀놓으면 귀여워용ㅎㅎ 사이즈 선택할 때 품이 너무 클 것 같지 않다면, 약간 크게 입더라도 몸길이에 맞춰서 사시는 게 좋을 것 같아요!",5,1
디자인도 예쁘고 화면과 같아요! 몸길이 31cm에 몸무게 6kg가 살짝 넘는 강아진데 2XL 사이즈가 살짝 널널하게 맞았어요! 길이는 길었습니다.,5,1
털이 빠지긴 하는데 정말 너무나 귀여워요ㅠㅠㅠ하..... 정말 짱귀야워여,5,1
"옷 색감도 예쁘고 입혀놓으니 귀여워요! 잘샀다는 생각이 팍 들었어요ㅎㅎ 등길이 40cm, 가슴둘레 38~40cm 정도인 푸들인데, XL 사이즈 예쁘게 잘맞았어요!",5,1
스판은 엄청 있진않지만 궈여움 2배로 만들어줒니당,5,1
옷은 너무 귀여운데 신축성이 아예 없어요ㅠ 그래서 애가 불편해하는듯해용 ㅠㅠ,5,1
사이즈 안 맞을까 걱정했는데 등도 넉넉하고 목도 졸리지 않고 괜찮아요.^^,5,1
사이즈가 약간 더 크면 좋을텐데 그래도 괜챦아요 재질도 좋구요,5,1
목부분이 좀 불편해보이지만 사이즈는 넉넉하고 잘맞아요,5,1
색상도 잘맞고 이쁘게 잘입혓어요,5,1
보온이 아주 좋아요,5,1
얇지만 가볍고 포근해서 따뜻하겠어요,5,1
"구매  완료후 미쳐 보지 못했던 , 옷 재봉이 잘 못 되었는데 , 새로 옷을 받았어요 . 감사해요",5,1
색상이랑 소재 다 마음에 들어요. 품절돼서 못산게 있는데 빨리 입고 됐음  좋겠어요~ https://m.blog.naver.com/event_songdo/221764341719,5,1
사이즈 미스같으네요ㅜ.ㅠ,5,1
너무 마음에 들어요~ 잘 입힐게요! https://m.blog.naver.com/event_songdo/221764341719,5,1
등길이에 맞춰 주문했어요~ 너무 마음에 들어요. https://m.blog.naver.com/event_songdo/221764341719,5,1
목사이즈는 딱맞아서 걱정했는데 괜찮네요 잘 돌아다녀요.,5,1
강아지 요새 맨날입혀요 ㅎ,5,1
겨울에 입기에 딱좋아요.,5,1
천 소재가 참 괜찮아요,5,1
옷 정말 이쁘고 만족해요,5,1
너무 귀엽고 좋아요!!,5,1
너무 애기같고 이뻐요!!,5,1
백설공주옷 너무 예뻐요.,5,1
XL은 딱맞았고 2XL은 사이즈가 적당해서 입고서 잘 돌아다녀요.,5,1
최고!!너무 귀엽고 보들보들!!,5,1
다들 예쁘다고 칭찬 칭찬...^^,5,1
뷰들부들해요 너무 귀여워요,5,1
디자인이 넘 귀엽고 활동성애 전혀 방해가 안되네요. 조끼가 조금 더 컸었으면 더 좋았을듯,5,1
아기가 넘 좋아해요 기엽고 💙,5,1
너무 귀여워요ㅎㅎㅎ,5,1
너무 귀여워요ㅎㅎㅎ,5,1
너무 귀여워요ㅎㅎㅎ,5,1
너무예쁩니다 겨울이라 집이 추울까봐 시켜줬는데 너무 만족합니당 ㅋ,5,1
다른거랑 사이즈를 같은걸로 시켰는데 이건 많이 작네요 신축성도 없어서 아예 못입혀요ㅎㅎ 그래서 친구 강아지 줬어요 더 큰거 시켰어야했나봐요 그래도 옷은 깔끔하고 예뻐요,5,1
조금 작지만 잘쓸게여,5,1
지퍼채울때 털이 끼일까봐 걱정했는데 안끼게 잘 해놨네요 따뜻하게 잘 입힐게요,5,1
따듯해서 털밀고 입혓어용 3.2키로푸들,5,1
저번에 사이즈 작개 주문해서 반품하고 다시 주문했는데 너무 잘맞네요!! 너무 귀여오요,5,1
너무귀여워용ㅋ 큰사이즈들도들어왓으면 ㅜㅜ,5,1
좋아요 감사합니다 그리고 많이 파세요,5,1
좋아요 감사합니다 그리고 많이 파세요,5,1
좋아요 감사합니다 그리고 많이 파세요,5,1
진짜 넘 귀여워요 잘 입힐게오~,5,1
토순이조끼 건조기로10번정도 돌렸을때 줄어든 샷,5,1
잘입겠습니당 ㅎ ㅎ,5,1
추운데 두툼하니 잘 입히고 있어요~ 3.7키로 말티즈 m사이즈 이쁘게 잘 맞는 거 같아요ㅋㅋ핑크색은 처음 입혀봐서 서로 어색해 하는중인데 귀여워요٩(๑❛ᴗ❛๑)۶♡ 나중에 다른 옷도 사주고 싶어요!!,5,1
토순이쪼끼 눈하나떨어졋지만 면이 보들하니 따듯해서 넘좋아요,5,1
뒷다리까지 따뜻해보여서 좋습니다,5,1
수면조끼 만족이에요 따뜻하고 소재도 굳👍👍👍,5,1
수면조끼로 편하게 입고 벗기 좋아요👍👍👍,5,1
가격대비 만족합니다 감사합니다,5,1
목부분이 작네요 근데 귀야워 죽음,5,1
저렴한 가격에 좋네요~~,5,1
Xs치곤 너무 크네요.. 나중에 크면 입히려구요 디자인은 예쁘네요~,5,1
사이즈를 잘못 시켜서 좀 아쉽긴한데 옷자체는 사진이랑 똑같이 귀여워요ㅎㅎ,3,0
따뜻하고 가벼워서 좋아요 단추였으면 좋았을텐데 조금 아쉽네요,3,0
너무 예쁘고 편해보여요 잘 입힐게용^^,3,0
가격이 오프라인 보다 저렴하고 만듦새가 좋네요,3,0
좋아요 귀여워 죽겠어요 ㅋㅋㅋ,3,0
엠사이즈 치곤 조금 작은것 같아요,3,0
딱맞고 좋아요.!!,3,0
가격대비 품질이 괜찮아요 좀 크긴하나 애들도 커가니 맞춰서.입히면 될듯해요,3,0
너주 좋아용 ㅎㅎ 가성비최고,3,0
사이즈딱이에요 너무예버요,3,0
잘입고다녀요 사이즈넘좋앙ㆍ느,3,0
재질이 좀 아숩긴 하지만 따뜻할거 같아요.,3,0
말티즈4키로여서 라지샀는데 생각보다 조금 커요.. 그렇다고 너무 큰건 아니구 조금만 작았더라면  좋았을걸하는 생각이 들정도로.. 옷은 너무 이뻐요.. 근데 후리스토끼조끼는 털이 조금씩 빠져요..,3,0
너무 맘에 들어요. 목 부분이 꽉 끼는게 흠이지만 너무 좋네요,3,0
촉감도좋고 가격도 좋고 배송도 빠르고 좋아용,3,0
강아지가 정말 편하게 입고 있어요! 입혀달라고 할정돕니다 겨울이라 집이 추울때가 있는데 실내복으로 입히기 딱좋아요,3,0
이쁘고 배송빠르고 만족합니다 ^^,3,0
옷이 너무 잘어울리고 보들보들 하고 따뜻한거 같아요 장난감도 너무 잘 가지고 놀아요^^,3,0
퀄리티 좋아오. 사이즈도 좋네요,3,0
아직도 잘 입고 다녀요,3,0
아직도 잘 입고다녀요,5,1
아직도 잘 입고다녀요,5,1
아직도 잘 입고다녀요,5,1
아직도 잘 입고다녀요,5,1
아직도 잘 입고다녀요,5,1
아직도 잘 입고다녀요,5,1
귀여움 2배로 만들어주는 옷입니당,5,1
배송도 빠르고 이뻐요~,5,1
너무 귀여워요~~^^,5,1
백설공주 정말 예뻐요. 5.4키로 비숑인데 아가가 복부 비만인가.. L사이즈 작아서 교환해서 XL입는데 잘 맞아요. 교환 빠르고 옷도 이쁘고 강추합니다,5,1
한사이즈 크게 샀는데 딱 맞아요!,5,1
감사합니다 배송이 생각보다 빨라서 좋았어요 많이 파세요,5,1
강아지가 믹스견이라 조금작긴한데 디자인도사진이랑똑같고 이뻐요!,5,1
너무 잘맞긴한대용 좀 사이즈가 작아요~ 4벌중 2벌은 교환해야 합니다! ㅠㅠ,5,1
옷이 편하게 나오고 신축성도 좋고 무엇보다 너무 예쁘네요ㅎㅎ!!많이 파세요~~,5,1
5.4비숑 XL 딱 맞아여ㅎ 사이즈 교환해서 입혓는데 교환도 빠르고 디자인도 예뻐요,5,1
색상은 생각했던것보다 어두워서 좀 그랬는데 입혀보니 따뜻하고 편안해요 근데 옷이 조금 커요,5,1
"사이즈,디자인,활동성 모두 우수하고 입혀놓으니 더욱 사랑스럽습니다~~ 추천합니다",5,1
"사이즈,디자인,활동성 모두 최고입니다!!",5,1
"사이즈,디자인,활동성 모두 최고입니다!!",5,1
"사이즈,디자인,활동성 모두 최고입니다!!",5,1
"사이즈,디자인,활동성 모두 최고입니다!!추천합니다~많이파세요",5,1
부드러운 소재로 착용감이 좋아서 편하게 입을수 있어요,5,1
따뜻하게잘 입히고 있어요,5,1
저렴하게 좋은 옷 구입해서 요즘 따숩게 입고댕겨요ㅎㅎ,5,1
지퍼가 위쪽에 있어서 괜찮은것같은데 그리 편한느낌은 아니네요  무난해요,5,1
실제로 받은 색상이 더이뻐요,5,1
상품 가격 대비 좋아요,5,1
상품 가격 대비 좋아요,5,1
상품 가격 대비 좋아요,5,1
이뻐요이뻐요이뻐요이뻐,5,1
코카라서 xxl시켰는데 작아요. 푸들같이 다리길고 날씬이들은 맞을지 모르겠는데 코카처럼 덩치있는 아이들은 엉덩이부분이 짧고 가슴넓이도 폭이 작네요. 한치수크게 시켜야되는데 3엑스라이는 없겠죠.,5,1
같은 사이즈라도 조금씩 편차가 있으니 꼭 강쥐 등길이 목둘레 재어 보고 구매하세요.,5,1
가격 품질은 괜찮으니 꼭 싸이즈만 확인후 구매하세요,5,1
갈색푸들인데도 넘넘 귀여워요~ 이뻐죽음~,5,1
옷너무예뻐요 배송도 빠르고 다음에또 구매할께요,5,1
지퍼로 구매시 조금 큰걸로 구매하세요,5,1
목줄 구멍이 너무 등쪽 밑으로 내려가 있는거 같아요,5,1
가격이 착하고 품질도 좋습니다. 너구리 너무 귀엽네요. 저희 아지가 너구리가 됐어요. ㅎㅎ 거기다 푹신푹신해서 정말 따뜻할거 같아요.  완전 강추입니다. 감사합니다~,5,1
디자인은 사진과 비슷한데 사이즈가 좀작앗던거 같아요 그래도 잘입고 잇네요,5,1
소재가 너무 부드럽고 편해서 애기들이 옷안입은 것처럼 활동을 잘해요,4,1
소재가 너무 부드럽고 편해서 애기들이 옷안입은 것처럼 활동을 잘해요,4,1
소재가 너무 부드럽고 편해서 애기들이 옷안입은 것처럼 활동을 잘해요,4,1
소재가 너무 부드럽고 편해서 애기들이 옷안입은 것처럼 활동을 잘해요,4,1
소재가 너무 부드럽고 편해서 애기들이 옷안입은 것처럼 활동을 잘해요,4,1
소재가 너무 부드럽고 편해서 애기들이 옷안입은 것처럼 활동을 잘해요,4,1
소재가 너무 부드럽고 편해서 애기들이 옷안입은 것처럼 활동을 잘해요,4,1
우리 강아지에게 잘어울려요,4,1
좋아요 마음에 들어요,4,1
강아지가  입어보니  좋아요,4,1
작아용 ㅋㅋㅋ 중형견은 귀여위질수없는것인가,4,1
저렴하게 잘샀어요 잘 맞네요,4,1
저렴하게 잘샀어요 잘맞아요,4,1
저렴하게 잘샀어요 잘맞네요,4,1
작아서 못 입어요 ㅜ.ㅜ,4,1
작아서 못입어요..,4,1
실내복으로 샀는데 너무 귀여워요  원단도 좋고 색도 아이보리로 이뻐요,4,1
2키로 되는 아이 키우고있습니다! 소재도 엄청 부들부들하구 좋아요 사이즈가 애매해서 큰사이즈로 시켰는데 목부분 꼬매서 입히고 있습니당~추천해요!,4,1
2키로 되는 아이 키우고있습니다! 소재도 엄청 부들부들하구 좋아요 사이즈가 애매해서 큰사이즈로 시켰는데 목부분 꼬매서 입히고 있습니당~추천해요!,4,1
ㅋㅋㅋ 작아용 주형견용이있으면좋겧엉,4,1
다른 옷에 비해 작게 나온 거 같아요. 껴요. ㅔ,2,0
색도 이쁘고 다 좋은데 ㅠㅡㅠ 티셔츠 사이즈로 나온거같아요 좀 작아요  사이즈표 보고 샀는데.. 등 길이도 맞고 가슴둘레도 괜찮은데 목부분이 좀 불편하게 나왔어요,2,0
이뻐요  집에서 실내복으로 입히려고 샀고  팔이 없어서 활동성도 좋은편이에요,2,0
좋아요 이뻐요 천도 좋아요,2,0
강아지한테 너무 잘 어울려요 ㅎㅎㅎ 많이파세요~~,2,0
강아짛ㄴ테 너무 잘아울려요 ㅎㅎ많이파세요~~,2,0
좋아요.뽀글이 털이 맥없이 쏙 빠지긴 하지만ㅡㅡ잘 입을게요,2,0
맘에드는 색으로 구입했어요! 너무 맘에들어요~ 근데 아랫쪽엔 헐렁하고 목쪽은 꽉 쪼여요. 우래기 몸통이 그런가봐요 ㅎㅎㅎ 오늘의 추웠는데 벌벌떨다가 이거 입혀주니 괜찮아지더라구요! 다음에 이쁜옷 또 구매할게요^^,2,0
개타고니아 구매했는데 첨에 사이즈 교환 했어요 다행히 잘 맞구 너무 이뻐요  담에 베이지색도 구매 할게요~~,2,0
아직 아기라 조금 큰 사이즈샀는데 좀만 더 크면 맞을것 같아요. 예쁩니다,2,0
생각보다 이뻐요 따뜻하게보낼수있겠어요,2,0
닥스훈트인데 추위를 많이타요 후리스라 따뜻한가봐요,2,0
저희 강아지가 추위를 많이 타서 옷을 꼭 입고싶어해요~ 귀엽고 편한지 좋아하네요,2,0
옷이 가격대비 너무 괜찮아요 장난감도 귀엽구요~,2,0
생각보다면이 얇지않고 약간도톰하니좋고 디자인도 예쁜데 라지사이즈가 좀 작게나온거같아요 ㅠㅠ그래도 맘에들어요ㅎㅎ,2,0
너무 귀여워요 공주 됐당~♥,2,0
너무 귀여워요 잘 샀어요 만족합니다,2,0
가성비 좋은 옷 귀엽게 잘 입고 있네요~,2,0
하... 말할 필요가 없어여... 존귀탱,2,0
따뜻하게 입힐수있을것같아요,2,0
사이즈가 마니작네요 ㅠㅠ 큰애줄라고 삿는데 넘작아서 작은애 입힙니당...,5,1
사이즈가 마니작네요 ㅠㅠ 큰애줄라고 삿는데 넘작아서 작은애 입힙니당,5,1
가격대비 제품의 질이 상당히 만족할 만하네요^^,5,1
아주 좋아요 ㅋㅋㅋ,5,1
가성비가 뛰어납니다.,5,1
가성비가 뛰어납니다,5,1
사이즈도 잘맞고 입히기 편해요~^^,5,1
귀엽고 적당해서 좋아용,5,1
작을줄알고 걱정했는데 넉넉하니좋아요,5,1
너무예쁘고 좋아요 또구매할게요ㅎ,5,1
귀엽고 화면이랑 똑같아요. 지퍼가 배쪽으로 있어서 잠그려면 애를 눕히고 잠가야 하는데 난리를 쳐서 조금 힘들긴 하네요 복종 할 줄을 몰라서.. 요령 생겨서 이젠 좀 잘해요. 2키로 좀 넘는데 사이즈 M 잘 맞아요.,5,1
가성비 짱이네요 너무 귀여워요 건조기에 돌리면 옷이 줄어들까봐 한 치수씩 크게 샀는데 잘한 거 같아요^^ 한마리11키로 x3사이즈 시켰구요 한마리 5.3키로xl 사이즈 시켰습니다,5,1
보들보들하고 너무 귀여워요!!,5,1
제품의 질이 좋습니다.재구매 하겠습니다,5,1
귀여워요 겨울이라 추워서 집에서 입히려고 샀어요. 노견이라 최대한 부들부들하고 편한걸로 구매했고 2키로 조금 넘고 말랐는데 M 사이즈 잘 맞아요.,5,1
우리 강아지에게 잘어울려서 두벌 추가주문합니다^^,5,1
강아지 입히기에 귀여워요,5,1
강아지 입히기에 귀여워요,5,1
"재구매 하네요,,,,,",5,1
아주 잘 입고 있어요~ 너무 좋아요. 올겨울은 요거로 만족합니다.,5,1
사이즈가 마니작네요 ㅠㅠ 큰애줄라고 삿는데 넘작아서 작은애 입힙니당...,5,1
사이즈가 마니작네요 ㅠㅠ 큰애줄라고 삿는데 넘작아서 작은애 입힙니당,5,1
가격대비 제품의 질이 상당히 만족할 만하네요^^,5,1
아주 좋아요 ㅋㅋㅋ,5,1
가성비가 뛰어납니다.,5,1
가성비가 뛰어납니다,5,1
사이즈도 잘맞고 입히기 편해요~^^,5,1
귀엽고 적당해서 좋아용,5,1
작을줄알고 걱정했는데 넉넉하니좋아요,5,1
너무예쁘고 좋아요 또구매할게요ㅎ,5,1
귀엽고 화면이랑 똑같아요. 지퍼가 배쪽으로 있어서 잠그려면 애를 눕히고 잠가야 하는데 난리를 쳐서 조금 힘들긴 하네요 복종 할 줄을 몰라서.. 요령 생겨서 이젠 좀 잘해요. 2키로 좀 넘는데 사이즈 M 잘 맞아요.,5,1
가성비 짱이네요 너무 귀여워요 건조기에 돌리면 옷이 줄어들까봐 한 치수씩 크게 샀는데 잘한 거 같아요^^ 한마리11키로 x3사이즈 시켰구요 한마리 5.3키로xl 사이즈 시켰습니다,5,1
보들보들하고 너무 귀여워요!!,5,1
제품의 질이 좋습니다.재구매 하겠습니다,5,1
귀여워요 겨울이라 추워서 집에서 입히려고 샀어요. 노견이라 최대한 부들부들하고 편한걸로 구매했고 2키로 조금 넘고 말랐는데 M 사이즈 잘 맞아요.,5,1
우리 강아지에게 잘어울려서 두벌 추가주문합니다^^,5,1
강아지 입히기에 귀여워요,5,1
강아지 입히기에 귀여워요,5,1
"재구매 하네요,,,,,",5,1
아주 잘 입고 있어요~ 너무 좋아요. 올겨울은 요거로 만족합니다.,5,1
한마리는 11키로 한마리는 5.3키로 X3 xl 사이즈 잘맞아요 가성비짱 귀여워요,5,1
사이즈 미스로 교환하긴했지만 잘 맞고 예쁘네요. 배송도 빨라요~,5,1
사진이 훨씬 더 이뻐요.  크기는  큰편입니다.,5,1
세상 너무너무너무 예뻐요,5,1
엠사이즈 치곤 작은것 같아요,5,1
잘 입히고 있어요 ㅎ,5,1
별로 입히지도 않았는데 리본이 뜯어져요,5,1
옷이 너무 작게 나온거 같아요,5,1
너어어무 너무 귀여워요ㅠㅠ♡,5,1
좋아요 좋아요 좋아요 좋아요 좋아요,5,1
재질이 부드러워서 좋았어요 잘입히고 다니고있습니다,5,1
빠른 배송 감사합니다,5,1
배송이 빨라서 좋았습니다 울 강아지가 좋아하네요,5,1
어무니가 산 옷중에 젤 이쁘다네요! 나중에 색깔별로 살 예정이에요 이뻐요~,5,1
졸귀탱 너무잘어울리죠 우리냥,5,1
배송이빨라 좋아요 따뜻한지 입으니 좋아하네여,5,1
사이즈도 딱 맞고 만족합니다. 너무너무 귀여워요ㅠ,5,1
아직 한 겨울이라 사용 전이지만 사이즈 좋아요,5,1
두번째 구매인데 싸고 면소재이고 세탁후에도 보풀없네요.,5,1
털이빠지고 앞다리부분 작은거 빼곤 이뻐요 ㅎ,5,1
너무너무너무너무 귀여워요ㅠㅠ♡,5,1
예쁘고 착한 가격에 득탬했어요.,5,1
착한가격 이쁜옷 좋아요.,5,1
예쁘게 잘입고 있어요.,5,1
작아요 라지 살 걸 그랬어용,5,1
실내에서 입히기 좋아요,5,1
집에서 입히고 좋네요,5,1
라지 살 걸 그랬어용,5,1
사이즈가 생각보다 살짝 작지만 귀엽네요,5,1
댕댕이 실내복으로  좋아요,5,1
입은 모습보니 넘 이뻐요~사이즈도 딱 이여요,5,1
울 애기  입혀놓으니  넘 예쁘네요,5,1
정말 잘산거 같아요~~아주 잘맞아요~,5,1
요새 사람한테도 유행하는디자인이라서 강아지랑 커플룩으로 입고 산책갔다왔어요 사람들이 어디서 산거냐고 많이 물어봐서 도그아이 홍보하고 다녔네요 여기 관계자도 아니면서;,5,1
너무 귀여워요 이거 입히고 산으로 산책갔다왔더니 저건 너구리야 멧돼지새끼야 라는 소리 할머니 할아버지한테 5번쯤 들었어요 참고로 우리 강아지 올블랙 프불입니다 ㅎㅎㅎ 눈속임용으로 입히고 산에가기 좋아여,5,1
"XS인데 미니사이즈 아가랑은 맞지를 않은거 같아요..품이 많이 커요..하지만 디자인과 재질, 단추질감 다 맘에듭니다..한참 후에 쓰게 될듯요",5,1
사이즈가 생각보다 작아서 걸을때 뒷발이 존 불편하더라구요,5,1
이것도 디자인도 이쁘고 다 좋은데 허리 길이가 좀 길어서 강아지 똥꼬가 가려지네요 옷입고 똥싸기는 좀 힘들듯 ㅎ,5,1
이쁘게 잘 맞아요~,5,1
이쁘게 잘 맞아요~,5,1
이쁘게 잘 맞아요~,5,1
이쁘게 잘 맞아요~,5,1
강추  드려요 만족합니다 ~~,5,1
강추  드려요 만족합니다 ~~,5,1
사이즈는 정사이즈인데 강아지가 허리길이가 좀 짧아서 옷 엉덩이 부분에 똥꼬가 가려지네요 ㅎㅎ 그거빼고는 다 만족스러움!,5,1
닥스훈트라 허리도 길고 가슴둘레도 두꺼워서 일부러 큰사이즈를 시키긴했는데 생각보다 좀더 헐렁했던것같아요ㅠㅠ그래도 제가 바느질좀해서 입혔더니 괜찮네요ㅎㅎㅎ겨울이라 수면재질로 삿는데 진짜 넘 귀여워요ㅠㅠ,5,1
귀여워요 따뜻해보여요 근데 사이즈가 좀작아서 다른색상으로 구매할거에요,5,1
2xl입는 강아지한테 xl로 입혔더니 완전 근육돼지처럼 꽉맞아요 그래도 얘가 xl는 작고 2xl는 좀 큰 감이있어서 xl도 잘입히고 있네요 신축성있는 옷인것같아요,5,1
울 애기가 조금 뚱뚱한데 잘 늘어나서 편해요,5,1
괜츈 귀야워요 따시해요,5,1
생각보단 이뻤어요 만족,5,1
너무 기여워요 만족,5,1
옷을입힐때 목이불편해요,5,1
받자마자 너무 부드러워서 놀랫어요~  겨울이라 산책할때 입히려고 삿는데 다른옷입느라 아직 못입어밧네요~ 조만간 입힐건데 안입어바도 이쁠거닽아요~  아가가 옷만보면 너무 좋아해요~,5,1
조 아 요 조 아 요,5,1
5.2키로 라지가 애매하지만 길이는 짧고 품은 맞고 쪼이지는 않으니까 입혀요,5,1
옷이 저렴해서 털은 조금 빠지지만 한번 돌돌이 하고 세탁하면 될거같아요 ㅎㅎㅎ 배송도 빠르도 좋아요 많이 파세요,5,1
배송 빠르고좋아요~!!!,5,1
가볍고 부드러워 좋아오,5,1
이뻐요 근데조금크네요,5,1
잘입혔어요ㅎㅎㅎ괜찮네요,5,1
냥이가 너무 잘어울리고예뻐뇨,5,1
아가가 따뜻하고 조아해요,5,1
천도 보들보들하니 잘늘어나고좋네요ㅎㅎ,5,1
뭔가 입히면 할머니 느낌나요 ㅋㅋㅋ 그래도 귀여워요,5,1
배송도빠르고  좋은제품싸게 잘샀네요 다음에 또살께요,5,1
옷은이쁜데 사이즈가 작네요 귀찮아서 걍 입혀요,5,1
옷에 있는 털이 자꾸 떨어져요 ㅋㅋ 그리고 앞다리 넣는 부분이 넘 작아요ㅠ 사진용량이 커서 용량 줄이느라 어플 썼는데 색깔은 화면 그대로예요 ㅎㅎ,5,1
옷은이쁜데 사이즈가 미스~~ㅜㅜ,5,1
생각보다 사이즈가 작아요 ㅠㅠ,5,1
가볍게 입혀줄려고 샀는데 너무 귀엽네용 부드럽고 ㅎㅎ 잘어울려서 좋아용,5,1
생각보다 작아보여서 걱정했는데 입혀보니 딱 맞네요 만족합니다,5,1
너무 귀여워요~~~ 최고에요~,5,1
저렴하게 잘 산 것 같아요 색이 화면과 똑같지는 않아용!,5,1
저렴하게 잘 샀어요! 색이 화면이랑 똑같지는 않아용,5,1
저렴하게 잘 샀어요! 색이 화면이랑 똑같지는 않아용,5,1
가격에비해만족합니다,5,1
넘넝  이뻐요  작을가바   걱정이였는데  m사이즈  딱 맞네요,5,1
보들보들하구 넘 귀여워용,5,1
엉덩이부분에 신축성이 하나도없어서 뒷다리가 안 들어가요 너무 찡겨요 엉덩이가ㅠㅠ 불편해서 벗어버리네요.. 디자인은 너무 귀여워요!!,5,1
배송 빠르구요 강아지 조끼 부들부들하고 따뜻할것 같아요 저희 강아지 스피츠 8키로인데 투엑스라지 사이즈 잘맞아요 입으니까 귀여워요^^,5,1
원단도  부들부들   아이도   편해 하는거  같아요  넘  이뻐요,5,1
옷은너무이쁜데 좀 뻣뻣해서 움직이기 불편해하네요ㅠㅠ,5,1
처음엔 팔이 너무 불편해보여서 안 입힐려고 했는데 입히다 보니 활용도 높고 빨래후에도 보풀없고 면이고 두께감 적당하고 좋아요. 단. 꼭 한치수큰걸로 사야함,5,1
팔이 없는 옷이라 아이가 뛰어다니기 편하고 후드도 똑딱이로 고정할 수 있어서 편한거같아요~ 재질은 포근하고 부드러워요!수면담요느낌ㅎ (리뷰영상 찍고보니까 텍 안뗀건 안비밀...ㅋㅋㅋ),5,1
리뷰보고 주문했어요^^,5,1
"친구들이 넘쪼꼬미 같데요 ㅠㅠ 핑꾸핑꾸해서 그런가 진짜 이쁘고,,, 저희애가 프렌치라서 목이 좀 작은데 벗겨지지 않아서 잘 입히겠습니당",5,1
한치수 작은걸로 구입하세요. 옷은 가격대비괜찮아요,5,1
좀 크게 주문해달래서 m샀어요 펫타고니아는 딱 맞는데 패딩은 좀 커서 애가 발을 빼버리네요ㅠㅠ 입히면 예쁘고 좋아요!!,5,1
따땃하시 가볍고 좋아요.,5,1
따땃하시 가볍고 좋아요.,5,1
따땃하시 가볍고 좋아요.,5,1
따땃하시 가볍고 좋아요.,5,1
잘받앗습니다 따뜻하겟네요,5,1
잘받앗습니다 따뜻하겟네요,5,1
잘받았습니다 따뜻하겟네여,5,1
별조끼는맞는데 벌옷은작게나왓네여,5,1
여러가지 삿는데 다 맘에들어요^^ !!!!!!!! 근데 생각보다 사이즈너무커요..,5,1
여러가지 삿는데 다 맘에들어요^^ !!!!!!!! 근데 생각보다 사이즈너무커요..,5,1
이쁜 강아지내복같은 느낌인데 아주 좋습니다,5,1
편하고 귀여워요 ㅋㅋㅋ 울 아기한테 찰떡이구요 근데 단추를 물어뜯을려고 해서 두개를 뗐어요 ㅠ.... 그게 포인튼디 ㅠㅠ 암튼 너무 예쁘고 따뜻하니까 다들 사세용~~ + 말티 2kg인데 길이는 맞는데 통이 좀 커요,5,1
너무 귀여워요 자꾸 벗으려고 해서 문제지만 ㅠㅠ,5,1
마름에듭니다 다음에 또살게요,5,1
마름에듭니다 다음에 또살게요,5,1
완전 기여워용 울 댕댕 노란색 넘 잘 받는다는 걸 깨닫게 됐어요 ㅋㅋㅋ 팔 길어서 완전 귀여움 ㅠㅠ,5,1
겨울내내 잘 입힐듯해요 ㅎㅎㅎ 원래 옷 입는거 싫어하는 멍멍이인데 이건 뛰어와서 입는다고 해요 ㅋㅋㅋ 보드라와서 그런거같아요 빨래해도 금방 말라서 진짜 가격대비 너므 마음에 드는 상품이에여,5,1
디자인너무 만족합니다. 다음에 또 구매할께용~~^^,5,1
실제로 봤을때는 좀더 탁한 색상이었는데 입히다보니 예뻐요 ㅋㅋ 가볍고 빨래도 편해서 좋아요 추천 ㅎ,5,1
사이즈참고 감사요 ㅎㅎ,5,1
입히기 간편하고 얇은 기모 되있어서 좋아요 몸길이 40센치 아이인데 2xl사이즈 딱 이뻐요,5,1
이쁘고 깔끔해요 실내갈때 마킹할까봐 매너벨트 가리려고 샀는데 아주 좋아요,5,1
가격에 비해 퀄리티가 좋아요,5,1
배송도 빠르고 옷도 이뻐요 ㅋㅋ,5,1
배송도 빠르고 이뻐요 ㅋㅋ,5,1
작아서 색상이랑 사이즈교환 한번 했구요  카키색이 잘어울리네요 입히니까 넘 귀여워요:),5,1
몸부분은 큰데 목쪽이 좀 작게 나온거 같아요 사이즈표 보고 일부러 L사이즈로 주문했는데 목만 딱 맞고 몸체쪽은 크더라구요  그래도 지퍼가 등쪽에 있어서 입히기도 편하구 아기가 따뜻하게 입을수 있어서 그건 좋아요~,5,1
예쁘고 넘 귀여워용,5,1
항상 핑크색계열만 사줘서 레드로 골랐어요 만져보니 원단도 부들거리고 가벼워서 애기입히기 좋네요~^^,5,1
옷은 귀엽네요 다음부턴 오배송을 하셨으면 연락을 하면 상황에 맞게 설명은 해주셨음하네요,5,1
색상도 이쁘구 사이즈표보고 확인후 구매했더니 잘 맞아요~^^ 여자애라 핑크색 딱 좋아요~~^^ 산책할때마다 입히려구요ㅎㅎ,5,1
옷을 스몰시켰다가 다시 교환했습니다 배송지를 써서 보내드렸는데 다른곳으로 배송이되어 연락했지만 문자 답변을 안하시던군요..? 그런 서비스면은 별로...,5,1
저희집 강아지가 다리가 짧은편이라 소매를 접어입혀야하지만 가격대비 좋습니다~ 7kg L사이즈 입혔어요.,5,1
50수 색만 다르게 샀어여~ 7kg 2XL 샀구요 사이즈표대로 치수 재고 샀습니다.,5,1
빠른배송 감사드립니다! 지퍼가 위에 있으니 한결 옷입히기가 더 수월했던거 같아요! 입히니 너무너무 예쁘네요 감사합니다,5,1
좋아요 좋아요 좋아요 좋아요,5,1
옷이 좀 넉넉 할줄알았는데 딱맞아요 이옷 너무 귀여워요 목부분에 산책하기 좋으라고 작은 구멍이 뚤려있는데 센스있네요 근데 단추부분이 좀 잘 안열려요 그래도 너무 귀여워요,5,1
귀여워 귀여워 :),5,1
생각보다 등길이는 짧고 허리는 너무 널널해서 수시로 손이 빠져요 모양도 안나고요 부드럽고 두툼한 것은 장점이에요,5,1
무지귀여워요^^~~,5,1
귀여워요   신축성이  좀  있음   좋았을거  같아요,5,1
조금 작게 나온듯 근데 m으로 하면 컸을것 같아요 그래서 입히면서 조금 늘리면 될것같아요 이옷 진짜 귀여워요 입히니까 너무 귀여웠어요,5,1
꿀벌귀여워용ㅡ 절대강아지혼자못벗음ㅋㅋ,5,1
한달좀지난거같은데 잘입히고잇어오,5,1
너무비싸다고 생각했던  애견옷들 정말 잘 구매했어요 수면조끼 입혔는데 너무 귀여워요 부들부들합니다~후리스는 외출용으로 구매했어요 편하고 올겨울따뜻쌀듯해요,5,1
"선물 했는데요, 다들 사진보다 실물이 예쁘고 마감처리도 깔끔하게 잘 되어있다고 고맙다 하셨어요 :))",5,1
7키로~7.5키로 강아지 생각보다 사이즈가 작네요ㅠㅠ 두겹입혀서 그런것 같기도 하구 보들보들한 재질에 단추는 페이크라 그냥 티처럼 입혀야하는거네요 디자인은 귀엽고 이뻐요,5,1
지퍼걱정 했는대 지퍼 안쪽에 천 덧때놔서 밖에 나가고 애기 몸에 닿지 않아서 정말 좋은거 같아용,5,1
빠른배송감사합니다  잘입힐깨요,5,1
빠른배송감사합니다  잘입힐깨요,5,1
빠른배송감사합니다  잘입힐깨요,5,1
빠른배송감사합니다  잘입힐깨요,5,1
빠른배송감사합니다  잘입힐깨요,5,1
너무 깜찍하고 예뻐요. 단추를 풀수 있음 더 편했을것같지만 지금도 만족합니다.,5,1
사이즈가 작네요 옷은 넘 이뽀요,5,1
저희 강아지랑 사이즈가 맞아서 계속 구매하네요 천이 좋아요 배송도 빠르고 많이 파세요,5,1
예쁘고 활동하기 좋습니다,5,1
너무 싸고 귀여워요 칼라별로샀어용 큰싸이즈구하기힘든데조아요,5,1
디자인도 예쁘고 마감처리도 깔끔하고 사이즈도 정사이즈예요!,5,1
많이 파세요 빠른배송감사합니다,5,1
많이파세요 빠른배송 감사합니다,5,1
저는 파타고니아 후리스 입고 강아지는 이거 입히고 산책시키면 커플룩 같아서 너무 귀여워요ㅠㅠ,5,1
배송도 빠르고 감사합니다,5,1
배송도 빠르고 감사합니다,5,1
배송도 빠르고 감사합니다,5,1
빠른배송감사합니다^,5,1
싸구배송두빨라요 너무너무조아용,5,1
가격도 저렴하고 이뻐요,5,1
너무조아요잘어울려요감사합니다,5,1
따뜻하고 부드러워요~,5,1
따뜻하고 부드러워요,5,1
입히니까 너무 귀여워요 만족합니다.,5,1
너무귀엽습니다 조아용,5,1
생각보다 팔넣는부분이 너무남네요 뭔가 어벙벙해보이네요,5,1
가슴쪽으로 지퍼가 있어 애기가 불편한거 빼고는 괜찮은거 같아요,5,1
이뻐요감사해요이뻐요잘어울려요,5,1
그럭저럭 괜찮은거  같아요,5,1
그럭저럭 괜찮은거 같아요,5,1
무난해서 좋은거 같아요,5,1
저희 댕댕이가 집에서 옷 입고 있는걸 싫어하는데 아주 좋아해요 사이즈도 딱인지 편해해요 바닥에 뒹굴고 눕고 난리입니다ㅎㅎ 가격대비 질도 좋고 맘에 들어요!,5,1
가격에비해 부풀도안나고 옷재질이좋아요~입히면예뻐요,5,1
지퍼 부분도 튼튼하게 잘 되어있고 재질도 뷰드러워요. 사람 후리스 처럼 좋아요,5,1
너무기여오요  배송두 빠르구 좋아욧 사이즈두 적당합니당,5,1
5키로 가슴둘레 38 등길이 37되는 푸들남아에요!xl사이즈 구매했는데  아주 쪼금 여유가 있어요. 움직이는데는 불편함이 없어해요😍,5,1
목부분이 늘어져요...,5,1
사이즈를 측정해서 구매한건뎅 옷교체햇어요! 배송비 2500원 날라갓어요,5,1
털이좀빠지지만 귀여워요~,5,1
실제로 받아보니 더예뻐요,5,1
실제 받아보니 더 예뻐요,5,1
실제 받아보니 더이뻐요,5,1
애가 옷을거부해서 못입히고 있어요...,5,1
6.5kg 강아지 4종조끼 모두xl구매했어요 첨엔 작아보였지만  입혀보니 편하고 부드럽고 예쁘고 잘맞아요.가격도 비싸지 않아서 좋아요. 너무 좋아서  부비부비 난리네요.,5,1
색상이 별루예요 그래도 실내복으론...,5,1
털이 많이 빠져 별루네요,5,1
사이즈가 작게 나왔네요,5,1
털이 많이 빠지네요,5,1
재질도 부들부들 애기들이 좋아해요,5,1
디자인도 이쁘고 강아지가 잘입고 다니네요,5,1
부들부들 따뜻하니 좋아요,5,1
사진은 그냥 그래이였는데 상품받아보니 다크그레이입니다ㅠㅠ 물먹은 회색같은 느낌이요 근데 다른 상품이 만족도가 높아서 그냥 교환 안하고 넘어가려구요~!!,5,1
너무 귀여워요ㅠㅠ 진짜 최고 산책나가면 다들 귀엽다고 그래서 기분이 줗아요!!!!,5,1
집에서 입을 생각이라 넉넉하게 사이즈 주문했는데 너무 귀엽고 좋아요~ㅠㅠ,5,1
치즈냥이 한테 입혔더니 귀엽네요 다만 냥이들 입히려면 털 때문에 고민하고 구매하셔야 할듯해요 그루밍할때 이빨에 좀 걸리는듯해서 사람이 집에 있는 시간에는 집안 온도가 높으니 벗겨놓습니다,5,1
사이즈 확인하고 구매했지만 옷이 생각보다 작아서 실패했어요..ㅠㅠㅠ 근데 옷이 너무 좋아서 다음에 또 구매할 생각입니닷!,5,1
너무 좋아요 활동하기도 편하고 근데 편하게 입히려고 한 사이즈 크게 주문했더니 딱 좋아요~,5,1
괜찮아요 편해요 조금커요 ^^,5,1
괜찮아요 조금커요 예뻐요,5,1
원단 느낌이 너무 좋아요~~~,5,1
소재가 느낌이 너무 부드럽고 가벼워서 애기들이 옷안입은것처럼 활동을 잘 하네요,5,1
소재가 너무 부드럽고 편해서 애기들이 옷안입은 것처럼 활동을 잘해요,5,1
소재가 너무 부드럽고 편해서 애기들이 옷안입은 것처럼 활동을 잘해요,5,1
6.5kg 강아지 4종조끼 모두xl구매했어요 첨엔 작아보였지만  입혀보니 편하고 부드럽고 예쁘고 잘맞아요.가격도 비싸지 않아서 좋아요. 너무 좋아서  부비부비 난리네요.,5,1
색상이 별루예요 그래도 실내복으론...,5,1
털이 많이 빠져 별루네요,5,1
사이즈가 작게 나왔네요,5,1
털이 많이 빠지네요,5,1
재질도 부들부들 애기들이 좋아해요,5,1
디자인도 이쁘고 강아지가 잘입고 다니네요,5,1
부들부들 따뜻하니 좋아요,5,1
사진은 그냥 그래이였는데 상품받아보니 다크그레이입니다ㅠㅠ 물먹은 회색같은 느낌이요 근데 다른 상품이 만족도가 높아서 그냥 교환 안하고 넘어가려구요~!!,5,1
너무 귀여워요ㅠㅠ 진짜 최고 산책나가면 다들 귀엽다고 그래서 기분이 줗아요!!!!,5,1
집에서 입을 생각이라 넉넉하게 사이즈 주문했는데 너무 귀엽고 좋아요~ㅠㅠ,5,1
치즈냥이 한테 입혔더니 귀엽네요 다만 냥이들 입히려면 털 때문에 고민하고 구매하셔야 할듯해요 그루밍할때 이빨에 좀 걸리는듯해서 사람이 집에 있는 시간에는 집안 온도가 높으니 벗겨놓습니다,5,1
사이즈 확인하고 구매했지만 옷이 생각보다 작아서 실패했어요..ㅠㅠㅠ 근데 옷이 너무 좋아서 다음에 또 구매할 생각입니닷!,5,1
너무 좋아요 활동하기도 편하고 근데 편하게 입히려고 한 사이즈 크게 주문했더니 딱 좋아요~,5,1
괜찮아요 편해요 조금커요 ^^,5,1
괜찮아요 조금커요 예뻐요,5,1
원단 느낌이 너무 좋아요~~~,5,1
소재가 느낌이 너무 부드럽고 가벼워서 애기들이 옷안입은것처럼 활동을 잘 하네요,5,1
소재가 너무 부드럽고 편해서 애기들이 옷안입은 것처럼 활동을 잘해요,5,1
소재가 너무 부드럽고 편해서 애기들이 옷안입은 것처럼 활동을 잘해요,5,1
따듯하니 아이도 편하게 입어요,5,1
"딱 좋아요, 가격대비 좋은 것 같아서 구매 했는데 생각했던 것처럼 비슷해요. 마음에 듭니다^^",5,1
카오스코트 냥이 한테 베이지색이 잘 어울리네요 다만 몸통길이를 생각 못하고  목둘레랑 가슴 둘레 사이즈에 맞추다 보니 좀 짧네요 ㅋㅋ,5,1
좋아요 미듐이작아서 라지구매햇ㄱ는대 애가말라서그런지 돌아가요 ㅋㅋ 그래도 너무 따숩부들 맘에듭니다.,5,1
선물해서 잘은 모르겠지만 디자인 가격 맘에 들어요,5,1
옷입는걸 안좋아하는데 외출용으로 구입했어요  신축성도 좋아서 불편하지 않을것 같아요,5,1
너무 귀여워요~~ 둘이서 토끼눈은 벌써 해먹었네요 ㅋ,5,1
신축성이 좋아서 불편하지 않을것 같아요,5,1
부드럽고 따뜻해보이고 너무 좋아요,5,1
괜찮아요 좋아요 조금커요,5,1
생각보다 너무커요. .ㅎㅎㅎ,5,1
가격대비 넘넘 좋아요^^! ㅎㅎ 생각 했던것처럼 예쁘고 색감도 좋고 면도 좋은 것 같아요! 감사합니다^^,5,1
가격대비 넘넘 좋아요^^! ㅎㅎ 생각 했던것처럼 예쁘고 색감도 좋고 면도 좋은 것 같아요! 감사합니다^^,5,1
가격대비 넘넘 좋아요^^! ㅎㅎ 생각 했던것처럼 예쁘고 색감도 좋고 면도 좋은 것 같아요! 감사합니다^^,5,1
마냥귀여워요 올겨울 강아지들 따숩게 보낼것 같아요,5,1
엄청 따수울거 같아요 완전 귀여워요,5,1
좋아요~~따뜻하게 입혀서 산책했어요,5,1
좋아요~~따뜻하게 입혀서 산책했어요,5,1
좋아요~~따뜻하게 입혀서 산책했어요,5,1
사이즈가 딱이에요 가성비짱이네요,5,1
같은옷 쪼로록 입혀놓고 바라보는 집사의 마음이란...흐뭇..,5,1
2.5키로 토이푸들인데 올인원은 M사이즈가 맞는데 허리가 길고 등까지 다 덮여주려고 L샀는데 편안하이 입히기 딱좋아요~,5,1
아주 토끼같은 멍뭉이들이라 귀여워요 ㅋ보들보들하고ㅋ따뜻한지 수면 조끼로도 딱!,5,1
편해보이고 신축성도 좋아보여요 색깔도이쁘구요,5,1
너무 귀여워요 ❤️근데 저희 강아지는 아직 이갈이 시기라서 토끼 눈코를 다 물어서 떼버리더라구요 ㅜㅜ 그래도 입은거보면 예뻐용 !,5,1
편해보이고 신축성도 좋아보여요,5,1
말해뭐해요 귀여워요 ㅋㅋㅋ겨울옷이라 넉넉해서 좋아요♥,5,1
M사이즈 주문했는데 2xl사이즈가왔어요... 교환하기 귀찮아서 다른애기 입힐려고요ㅠ,5,1
귀엽습니다 ㅋㅋㅋ보드랍고 !상품평이 여러개로 나뉘네요!,5,1
악 정말 너무 귀여워요 질 좋고 최고최고에요ㅠㅠ 6키로 푸들한테 엑스라지는 완전 잘맞아요,5,1
둘다 아주좋습니다.고양이가 옷입히면 얼음되는대 이건 팔이 편해서그런지 잘움직이네요.,5,1
띠듯하고 기여워용!!,5,1
세탁후 상태도 그대로고 아직도 너무 예쁘네요~^^,5,1
일단 가성비 가 넘좋아요 화면이랑 색상 같고  입혀놓으니 넘귀엽고 따뜻해보여요  잘 입힐께요 ㅎㅎㅎ,5,1
편해보여요  구러나   입고  벗으니   먼지가   많아요  빨아서   이쁘게  입힐게요,5,1
실제보고시킨게 아니라 고민되었는데 막상보니 귀염,5,1
둘다좋아요 감사해요,5,1
우리 멍멍 이들 이거입고 더귀여우니졌어요,5,1
귀여워요 세벌다 만족해요,5,1
귀여워요 세벌다 만족해요,5,1
사이즈가   작게  나왔나바요  이쁘긴 해요,4,1
도톰하구ㅡ 사이즈딱좋구ㅡ 편해보여요,4,1
이너로입히기좋아요 골지는얇아요,4,1
예뻐요가성비좋고추천함니다,4,1
너므예쁘네요-추천함니당!!,4,1
배송빨라서 좋앗어요,4,1
배송빨라서좋아요^^,4,1
S삿는데살짝큰데너무이뻐요    맘에들어요,4,1
너무귀엽구 이쁘네용ㅡㅋㅋ 모자는불편해해서 안쓰지만충분히 이뻐요ㅡㅋㅋ,4,1
별조끼랑 같이 사고 싶었는데 품절이라 토순이만 샀어요 완전 애기템이요 다들 사세요 ㅎㅎ,4,1
뒷다리까지 되어있는 옷은 처음 입어봐서 엄청 어색해 하네요 7~7.5키로 강아지 한테 딱 맞아요~,4,1
티는 처음 사봤는데 편하게 잘 움직이네요~ 다른 옷들은 털 때문에 둘레에 +해서 샀고 이건 딱 맞게 샀는데 사이즈 좋아요,4,1
같은s인데 도사이즈가다르네요옷마다 이옷은딱맞네요,4,1
벗어버렷긴하지만 좋아하는거같네요ㅋㅋㅋ,4,1
후리스로 따뜻하고 지퍼로 되어 있어 편해요,4,1
만족합니다 감사합니다,4,1
만족합니다 감사합니다,4,1
만족합니다 감사합니다,4,1
만족합니다 감사합니다,4,1
옷이 스몰인데도 많이큽니다.,4,1
퀄리티도 좋구 보들보들하니 강아지가 좋아해요. 패딩도 따땃한지 맘에들어하구요~,5,1
좀더 큰사이즈를 살껑 그랬어요! 실물이 더 예뻐요ㅠㅠ,5,1
시골에서 키우는 똥개 옷 사줬어요. 똑같은 털색으로 샀더니 피부 같네요. 엉덩이까지 덮어주고 부들부들해서 좋아요~,5,1
좋아요 좋아요 좋아요,5,1
멜빵바지 입히고싶었는데 너무 이빠요 강아지가 조금 벗을따 조금 불편햐 하지만..ㅎㅎ 맘에들어요,5,1
3.2키로푸들 잘맞아요,5,1
가격도 싸고 활동성이 좋아요,5,1
너무 이쁘고 귀엽지만 우리푸들이한테는 크고 길이는 짧아요..입으면 얼음상태가 됩니다.,5,1
가격도 저렴하고 편하고 이뽀요,5,1
m과 l의 중간이 있었으면 좋겠어요.. 품이 약간 크지만 사진과 똑같아 만족합니다 잘 받았습니다~,5,1
디자인도 이쁘고 안에 기모라서 그런지 따뜻하기 까지 합니다,5,1
사이즈 잘맞구 좋아용  ㅎㅎ,5,1
정말 좋아요 색감도 좋구요,5,1
넘 이버옹ㅋㅋㅋ살짝 작아요,5,1
주문한거랑 너무 다른게 와서 점수 그렇게 주네요,5,1
배송도 빠르고 예쁘네요!,5,1
배송도 빠르고 예쁘네요!,5,1
사진이랑 전혀 다른티셔츠가 왔네요,5,1
젛내용젛네용젛네용좋내용,5,1
입혀놓으니 예쁘고 편해하네요 잘 산거 같아요,5,1
딱마맞아요. 이뻐요,5,1
딱맞아요. 이뻐요.,5,1
강아지 입혀놓으니 이뿌네요,5,1
5키로 가슴둘레 38 등길이 37되는 푸들남아에요!xl사이즈 구매했는데  여유로워요. 다른 보통 xl보단 큰거 같은데 L 사이즈 사면 작았을꺼 같기도 해요.  움직이는데는 불편함이 없어해요😍,5,1
5키로 가슴둘레 38 등길이 37되는 푸들남아에요!xl사이즈 구매했는데  아주 쪼금 여유가 있어요. 생각보다 도톰해요,5,1
가격도착하고사이즈도딱맞네요~^^,5,1
5키로 가슴둘레 38 등길이 37되는 푸들남아에요!xl사이즈 구매했는데  딱 맞아요. 움직이는데는 불편함이 없어해요😍,5,1
도톰하면 좋을듯해요~~ 가격대비 만족합니다,5,1
약간 작은듯 만족합니다,5,1
가격대비 만족합니다,5,1
옷이 아주 귀엽고 바느질도 튼튼해요~ 입었을 때 활동성도 좋습니다~,5,1
너무좋아요.사이즈도맞고,5,1
예뻐서 입혔습니다 따스하게 입고있어요,5,1
............,5,1
...........,5,1
보들보들 너무좋아요 강아지도 편하게잘입구다녀요,5,1
천도 부들부들하고 아주 귀여워요~~ 다만 허리가 긴 아이들은 허리가 조금 짧을 것 같습니다,5,1
"너무 예뻐요. 단, 추워요 따뜻한 소재는 아님 그냐 이쁨",5,1
옷이 이뽀요  단추를 물어 뜯어버렸네요 ㅋㅋ,5,1
"깔별로 구입해썽요, 너무 좋아요",5,1
"색깔별로 다 샀어요, 좋아ㅛ",5,1
옷도 이쁘고 마감처리도깔끔해요,5,1
갈기가...너무 싼티났어요 애들 바로 갈기 물어뜯고 안어울려서 조금아쉽네요,5,1
귀여워용♡ 너구리조아용,5,1
아이에게 색도잘맞고 너무 귀엽네요,5,1
이쁘게 잘입고다니네요.,5,1
이쁘게 잘입고 다녀요.,5,1
이쁘게 잘입고 다녀요.,5,1
이쁘게 잘입고 다녀요.,5,1
이쁘게 잘입고 다녀요.,5,1
이쁘게 잘입고 다녀요.,5,1
이쁘게 잘입고 다녀요.,5,1
이쁘게 잘입고다녀요.,5,1
이쁘게 잘입고다녀요.,5,1
집에서입히려고구매했어요 좀여유있는사이즈로샀더니 넉넉하니좋네요,5,1
다른 거보다 좀 작아요.ㅜㅜ,5,1
ㅋㅋㅋ루돌프 꼭사세요 너무귀여워요. 아직 애기라서 좀클거생각해서 s삿는데 아직 3갤한테는 너무크네여 빨리 자랏으면좋겟어요. 옷너무귀엽,5,1
아기냥이 편한 옷으로 굿입니다.가성비 좋아유,5,1
색감도 이쁘고 가볍고 너무 귀워요,5,1
털빠지네요 그리고 일반적인 엑스라지 사이즈 보다 좀 작은거 같아요,5,1
싸이즈 좋고 너무 이뻐요,5,1
별루예요 싼값어치하네요,5,1
엉망이예여 털엄청빠지고상태도안좋고 환불할라고했는데  딸이상표를 뜯어서 어쩔수없이 구매합니다,5,1
애기들 보시라고 올려요ㅋㅋ  침대에선 약간 추워했는데 옷입히니까 좋아하네요,5,1
"빠른 배송, 저렴하고 가성비 좋은 제품",5,1
"빠른 배송, 가성비 좋은 저렴한 제품",5,1
배송 빠르고 화면 그대로입니다 귀여워요,5,1
따뜻하고 귀여워요ᆢ,5,1
따로 올리는건지 모르고 한꺼번에 올렸네요,5,1
배송빠르고 괜찮은데 제가 너무 큰걸 주문해서 줄여서 입혓네요 ㅜ,5,1
너무기여워요  사이즈도 딱맞고 줄자로  가슴 둘레재고 사면  딱  조아요,5,1
배송 빠르고 만족합니다 웰시코기라 허리길어서 옷이 짧은건 어쩔수 없네요 ㅠㅠ,5,1
개기엽고 ㅋㅋ 가격비햐  완전  짱입니당,5,1
너므~~~귀엽습니다 등이 길어서 라지했더니 등길이는 딱 맞고 배 부위가 큽니다  그래도 활동성있게 입기 좋아요~,5,1
맘에들어요. 애기들 미용시켜서 적당한 두께가 필요했는데 저렴하고 디자인도 귀여워서 맘에들어요!,5,1
맘에들어요. 애기들 미용시켜서 적당한 두께가 필요했는데 저렴하고 디자인도 귀여워서 맘에들어요!,5,1
가격이 넘 저렴해 옷감이나 바느질이 걱정됐었는데..옷감 두께도 딱 적당하고 감촉도 좋코 색감도 넘 이뻐요..감사~~^^,5,1
꿀벌너무귀여워요ㅋㅋ근데저희강아지는불편한가봐요 입혀놓으니얼음이네요,5,1
사이즈도 적당하고 따뜻해보여요! 소재도 좋고 내구성도 우수해 보입니다,5,1
뒷부분이 조금 어색하구 불편해해요,5,1
노령견이라 편하게 입히려고요. 잘산거 같아요,5,1
노령견이라 편하고 가볍게 입히기 좋아요,5,1
사이즈가 너무 작아서 바로 폐기. 원래 M인데 들어가지도 않네요,5,1
사진 하고 똑같아요 . 천이 좋네요,5,1
지퍼쪽 마감이 날카롭네요 애기 입히려다 따끔 찔렸어요. 지퍼도 좀 뻑뻑한편이라 입히고 채우기 불편해요 근데 사이즈도좋고 옷도 따듯하고 애기한테 너무 잘어울려요,5,1
괜찮네요 . 사진하고 같아요,5,1
디자인도 예쁘고 편해보여요,5,1
디자인도 예쁘고 편해보여요,5,1
디자인도 예쁘고 편해보여요,5,1
디자인도 예쁘고 편해보여요,5,1
디자인도 예쁘고 편해보여요,5,1
"천이 좋네요, 짱짱해요",5,1
가격대비 괜찮네요:),5,1
두가지삿는데 꿀벌은딱맞는데 후리스는크네요ㅠㅠ그래서m사이즈하나더사려구요ㅋㅋ이뻐요,5,1
두꺼운 후리스라서 좋네요 귀여워요 입혀주자마자 졸린지 ㅋㅋㅋ,5,1
너무 따뜻ㅎㅐ 보이고 예뻐요,5,1
입혔다가조금커서 안에옷하나더입고외출할때괜찮겠네요,5,1
부드럽고 편해보여서 보는내가흐뭇하네요,5,1
너무너무너무나무 귀엽잖아여 ㅠㅠ 정말 너무 귀여워요,5,1
멍뭉이가 좋아해오 굿굿,5,1
멍뭉이가 좋아해요 뜨심,5,1
애기가 나중에 커서 입기 좋을 것 같아요,5,1
따듯하게 입히고있어요,5,1
부농이도 있어요 ㅋㅋ 넘귀여워서 또삿네요 ㅋ,5,1
가볍고 입히기도 편리하고 따뜻하고 아주 좋아요,5,1
아기가 피부병이 있어서 소매있는게 필요한데 딱 좋네요 면이라 편하게입히기 좋겠어요,5,1
아 이건 너무이쁨!,5,1
여러모로 바느질부분도 깔끔하고 가격대비 좋아요,5,1
사이즈도 잘맞고 좋아욧  ㅎㅎ,5,1
따습고 편하고 사이즈 좋고 고급져요,5,1
배송빠르고 조아요     ㅎ,5,1
따따시~해용 부들부들하고 지퍼도 뻑뻑하지않아요,5,1
사이즈딱맞아요ㅠㅠ 좋아요!,5,1
ㅜ ㅜ등길이 제고 주문했는데 다른옷들은 잘맞는데 멜빵만 크네요 ㅜ ㅜ 텍도 미리 잘라버려서 교환두 안되고 슬프네요,5,1
사이즈 오차가 너무 커요,5,1
옷들이 생각보다 완전 꽉 맞긴한데 예쁘긴 하네요~ 배송도 빨라요,5,1
옷이 예뻐요~ 저희 강아지가 추위를 많이 타는데 따뜻하겠네요~,5,1
날이 추워져서 따뜻한 기모안감으로 된 옷으로 샀어요 귀엽네요,5,1
2.3키로 말티즈라 S사이즈 토순이조끼 샀는데 좀작아요ㅠ 올인원 티는 M샀는데 딱 맞아요 이뻐요,5,1
귀여우어아이닌ㅇ ㅜㅜ,5,1
품절돼서 다를거로 교환해주셨는데 넘 이뻐요~~사이즈도 잘맞고,5,1
가격대비 좋은거 같아요  사이즈를 잘못 선택해서 조금 짧지만 조키라서 괜찮네요,5,1
잘받았어요 이쁘네요,5,1
고양이 추울까바 겨울옷으로 구매했어요 딱맞아요 이쁨!,5,1
좋아요~~ 도그아이 옷 적극 추천합니다~`,5,1
같은 사이즈라도 조금씩 차이가있네요 2키로라서 엠시켰다가 넘커서 에스로 교환,5,1
귀여워요 ㅠㅠ 모두 사세요,5,1
털이 조금 빠지지만 오자마자 두번정도 빨아입히니까 안 빠져요,5,1
이제3개월 올라가는 비숑입히려고 s삿는데 아직까진 많이크네용 ㅎㅎ 그래도 둘다 너무 귀여운옷이에요^^,5,1
옷 너무이뻐요 ㅎㅎㅎ,5,1
잘 때 입히려고 샀어요 사람이 입는 수면바지 재질이고 보들보들해서 좋아해요,5,1
옷이 매우 예뻐요 꼼꼼하게 바느질 되어있어요,5,1
너무너무 조아용 ㅎㅎㅎ,5,1
선물할껀데 살짝 타이트 할듯하지만 색상이랑 옷 맘에들어요,5,1
옷이 예쁘고 바느질도 꼼꼼해요,5,1
평소 m을 입던 강아지는 m사이즈가 작고 2xl를 입던 강아지는 2xl가 크네요;,5,1
옷 이쁘고 좋아요^^ 선물할껀데 맘에 들어요^^,5,1
날씨가 많이 추워서 샀는데 잘 어울려요 ㅋㅋ 맘에 들어요,5,1
강아지 옷 잘어울려요. 귀여워요.,5,1
강아지 옷 잘 어울립니다.,5,1
품절돼서 다를거로 교환해주셨는데 넘 이뻐요~~사이즈도 잘맞고,5,1
가격대비 좋은거 같아요  사이즈를 잘못 선택해서 조금 짧지만 조키라서 괜찮네요,5,1
잘받았어요 이쁘네요,5,1
고양이 추울까바 겨울옷으로 구매했어요 딱맞아요 이쁨!,5,1
좋아요~~ 도그아이 옷 적극 추천합니다~`,5,1
같은 사이즈라도 조금씩 차이가있네요 2키로라서 엠시켰다가 넘커서 에스로 교환,5,1
귀여워요 ㅠㅠ 모두 사세요,5,1
털이 조금 빠지지만 오자마자 두번정도 빨아입히니까 안 빠져요,5,1
이제3개월 올라가는 비숑입히려고 s삿는데 아직까진 많이크네용 ㅎㅎ 그래도 둘다 너무 귀여운옷이에요^^,5,1
옷 너무이뻐요 ㅎㅎㅎ,5,1
잘 때 입히려고 샀어요 사람이 입는 수면바지 재질이고 보들보들해서 좋아해요,5,1
옷이 매우 예뻐요 꼼꼼하게 바느질 되어있어요,5,1
너무너무 조아용 ㅎㅎㅎ,5,1
선물할껀데 살짝 타이트 할듯하지만 색상이랑 옷 맘에들어요,5,1
옷이 예쁘고 바느질도 꼼꼼해요,5,1
평소 m을 입던 강아지는 m사이즈가 작고 2xl를 입던 강아지는 2xl가 크네요;,5,1
옷 이쁘고 좋아요^^ 선물할껀데 맘에 들어요^^,5,1
날씨가 많이 추워서 샀는데 잘 어울려요 ㅋㅋ 맘에 들어요,5,1
강아지 옷 잘어울려요. 귀여워요.,5,1
강아지 옷 잘 어울립니다.,5,1
강아지 옷 잘 어울려요.,5,1
너무 귀여웡...  미칠듯이 귀여워요,5,1
"5kg 비숑.  사이즈가 애매해서 XL 하나,2XL 하나 샀는데 XL 가 딱 맞네요.  아디독 너무귀여워요",5,1
가격대비 만족합니다.,5,1
사슴옷 털이 아주 풍성해요 근데 저희집 강아지가 익숙하지 않은지 걸음이 어기적어기적 거리네요...단가라올인원은입고 산책하기도 너무 좋습니다,5,1
아가 입히니깐 더 예뻐요~ 저렴하게 잘 구매했어요.,5,1
겨드랑이부분 신축성이 좀떨어집니다. 보온성은 좋은것같아요,5,1
ㄱ ㅣ여어어어엉ㅇ ㅠ,5,1
집이 좀 추운데 조끼로 입히기 좋아요.,5,1
보온성은 좋아요 겨드랑이부분 신축성 없어요,5,1
선물로 줬는데 옷 이쁘다 하네요,5,1
선물로 줬는데  이쁘다 하네요,5,1
만족합니다 만족합니다,5,1
만족합니다 만족합니다,5,1
정말 좋아요 담에또살게요,5,1
귀염댕이가되어버렷네요 좋아요,5,1
강아지한테찰떡이네용좋아요,5,1
강쥐가 좋아하네용 또살께여,5,1
우리강쥐가 너무좋아하네요,5,1
애기추울까봐 샀는데 가격대비도 좋고 잘산거같네요,5,1
애기한테 딱 맞아서 너무 이쁘고 좋아요,5,1
정말 마음에듭니다 다음에 또살게요,5,1
"별조끼 사이즈가 없어 큰 것 주문했는데, 촉감이 너무 좋네요. 좀 더 커면 입혀야겠어요~",5,1
나그랑티 티셔츠 조끼 안에 입히려고 구매했어요. 아직 어려 입혀보진 안있지만 이뻐요~,5,1
디자인도 마음에 들고 사이즈도 괜찮아요,5,1
그런대로 만족해요 약간수선해서 입어요,5,1
옷이 약간터서 수선해서 입혀요,5,1
가격도 품질도 배송도 완벽구성입니다.,5,1
저희집 강아지가 약해서 왠만한 옷은 품이 다큰편인데 이옷은 딱맞아요^^(몸무게 2.8kg) 길이가 조금 짧아보이지만 활동하기에는 좋아요^^,5,1
넘나 부들하고 쭉쭉늘어나네요~원래는 다른 디자인 사고싶었는데 우리 강쥐가 좀 뚠뚠해서 3xl사야해서 어쩔수없이 골랐는데 넘나 만족해요!!,5,1
빠른 배송 감사합니드  많이 파세요,5,1
가격대비 좋아용  많이 파세요,5,1
잘받았슴니다  좋아요,5,1
후리스 조끼 지퍼형이라 입고 벗기기도 편하고 부드러운 촉감으로 산책시 너무 좋아요~ 감사합니다,5,1
강아지가 골지가 잘어울리더라고오,5,1
목 뚜껍고 통통한 푸들인데 7.8kg에 xl 잘 맞아여  털 깎았더니 추워해서 급하게 샀는데 민트색 생각보다 예뻐요! 벗기면 싫어할 정도로 댕댕이도 만족하는 것 같아요,5,1
가겨도싸고 디자인도이쁘고 만족해요,5,1
5개월 된 말티즈입니다! 몸통 길이는 다 맞는데 앞다리가 좀 길어서 접었더니 딱 맞아요 이쁘고 좋네요 ㅎㅎ,5,1
ㅜㅜ 올인원 노랑샏은 맞는데 네이비가 작네요,5,1
싼티 안나고 가격은 착하고 물건은 젛아용 ㅋㅋㅋ 3.7키로 푸들한텐 미디움 너무 딱 맞아여 라지 추천드려여,5,1
빠른배송에 굿 퀄리티네요~,5,1
빠른배송에 굿 퀄리티네요~,5,1
네이비후리스 구매했어요~ 옷입을 때마다 일이였는데 지퍼라 편할것 같아요 앏은데 보온성좋을것같구요~ 구매잘했어요 얼른 업어가세요,5,1
귀여운 강아지  옷      입니다,5,1
이뻐용 ㅋㅋ근데 후기에다들 강아지가 몇키로에 어떤 사이즈인지 사이즈 감이 안와서 미디움 시켯는데 3.7키로 푸들한테는 미디움이 좀 작아요.. 너무 딱!!!! 맞아서 라지로 다음엔 시키려구여 ㅎㅎ,5,1
사이즈는 딱 맞아요 이쁘게 잘 입힐께요,5,1
사이즈는 맞는데 털이 너무 빠지네요,5,1
잘 입힐게요 ..... .,5,1
우리아가 입으니  짱멋짐닏,5,1
신축성이 좋아서 입히기 편하고 예뻐요^^,5,1
아참 배송도 빨랏어요~~~~~^^,5,1
수면조끼빼고 좀 실패에요. 갈색패딩이 넘 아줌마옷같아요,5,1
옷  이뽀요  사이즈가 작은게 아쉬어요,5,1
수면조끼는 맘에들어요,5,1
가격에맞는 옷같아요.,5,1
폼피츠이고 7키로에요. 애가 살집이 좀 있어서 2XL로 시켰는데 가슴쪽은 딱 맞고 등길이가 길어요ㅠㅠ 근데 활동성이 편할거같아서 좋아용,5,1
원단 부들하니 좋습니다.  장모종에게는 .... 애들이 따수워하나 핏이 ㅋㅋㅋ 그래도 보온력 생각해서 잘 입히고 있습니다.,5,1
이뻐요~~~~~~~~,5,1
목 지퍼가 내려왔는데 강아지가 다 뜯어서 옷이 망가졌어요,5,1
신축성도 있고 맘에 드네요,5,1
울집 강아지가 옷 입는 걸 별로 좋아하지 않는데 이 옷인 편하게 집에서 잘 입고 있어요 집이 좀 추워서 입혀놨는데 넘 귀엽고 가격대비 대만족이에요 ㅠㅠ 6-7키로에 xl 샀는데 사아아ㅏ알짝 커요 참고하세용,5,1
저희집 애기는 3키로인데 안에 줄무늬티 입고 위에 입어도 넉넉하게 잘맞아요 사이즈 딱이에요 너무 귀야워요... 가성비 좋은거같아요,5,1
목의 지퍼가 계속 내려가요 ㅠㅠ,5,1
몸길이 40cm 제일 큰사쥬 정말 잘맞아요 너무 이뻐요,5,1
몇가지샀는데 한가지만 입혀요,5,1
포메라니안인데 살이쪄서7키로 ㅋ XL삿다2XL로교환 ㅋ근데뒷다리옷이계속빠져서 바지는짤라버리고상체만입혓네요,5,1
사진이랑 같아요 예뻐요 잘어울려요,5,1
옷 넘 귀엽고이뻐요..색상도.디자인도.옷감도. 넘좋네요..잘입힐께요.,5,1
너무이쁘네요 사진이랑 같아요,5,1
좋아요 이쁘게 잘사용해요,5,1
신축성좋고 디자인 좋아요 잉ㆍㄴ족싯ㆍㅁ니다,5,1
겨울에 입기 따뜻해보여서 좋아요 사이즈도 괜찮네요,5,1
원단 괜찮습니다. 가성비 좋은 제품인 것 같습니다.,5,1
너무 귀여워요 ㅎㅎ,5,1
너무 귀여워요 ㅎㅎ,5,1
좋아요**_$|~?,5,1
부들부들해서 좋아요,5,1
옷은 귀여운데 모자부분이 잘못나온건지 쓸수가 없어요~ 후드부분을 씌우면 얼굴의 반을 가려요 ㅋㅋㅋ,5,1
빨강추리닝 넘귀여운거같아여,5,1
ㅎㅎ  겨울철잘나고있습니다,5,1
넘따뜻할꺼같아요 가격도저렴하고 좋아용,5,1
색은 그린보다 민트에 더 가까운데 그게 더 맘에 듭니다!,5,1
사이즈별로샀네요ㅎ잘샀어용,5,1
신축성이 너무 좋아서 꼬옥 잘 맞네요!! 디자인도 너무 이뻐요 ㅠㅠ,5,1
싸게잘구매한거 같아요2.5k  m싸쥬딱맞아요,5,1
몽글몽글한게귀여워요,5,1
귀엽고 좋아요옹융ㅇ,5,1
싸게 잘구매해서 좋아요 또구매하께요,5,1
옷도보들보들거려서 따뜻할꺼같아요ㅎ,5,1
빠른배송이 좋았어용,5,1
6.5kg xl구매하였는데요 보기엔 작아보였으나 입혀보니  신축성도 약간 있고 일단 촉감이 부드러워  좋아해요.실내복으로 딱입니다,5,1
사자 옷 너무 귀여워요,5,1
넘 귀여워요 다행히 잘 입고 돌아댕겨요,5,1
"좋아요..,,.좋아요",5,1
넘 이뻐요 ㅎㅎ ㅎ ㅎ,5,1
가격도 괜찮고 옷질도 괜찮네요,5,1
옷은 얇은 편이고 재질은 괜찮아요 하지만 칫수를 재고 샀는데 ㅠㅠ 한치수 크게 살걸 그랬어요 그래도 실내복으로,5,1
사이즈딱맞아요ㅠㅠ좋아요!,5,1
사이즈딱맞아요ㅠㅠ 좋아요!,5,1
배송빠르고이뻐요ㅋㅋ,5,1
배송빠르고이뻐요ㅋㅋ,5,1
실내복으로 적당한 옷감이예요. 한게 칫수재고 샀는데 한치수 크게 살걸 그랬어요,5,1
옷은 실내복으로 입기 괜찮아요.   칫수글 재고 샀는데 입으니. 말려 올라간듯 좀 배꼽티 입은것 같아요,5,1
너무 귀여워용ㅋㅋ 이쁘게 잘 입히겠습니다! 닥스훈트라 팔이길꺼같지만 이쁘게입히고 다니겟습니당 재질좋아용,5,1
옷 재질 괜찮아요.  실내복으로 괜찮아요 외출시 조끼 입으면 좋을듯 한데.  칫수재고 샀는데 말려 올라가 한치수 크게 살걸 그래요,5,1
소재도 좋고 예쁘고 맘에 들어요,5,1
화면 그대로 예프고 좋습니다,5,1
아주 예쁘고 맘에 들어요,5,1
꼬리쪽이 불편해 보여요 고무줄때문에 낑김 ㅋㅋ 그래도 넘 이쁨요,5,1
조아욬ㅋㅋㅋ이뻐욬ㅋㅋ,5,1
이뻐요 싸게 잘삼요,5,1
입히니까 너무 이쁘고 인형같아요. 아직 새끼라서 좀 커요. 제일 작은싸이즈인데요.,5,1
조아욬ㅋㅋㅋ이뻐욬ㅋㅋㅋ,5,1
천이 부드럽고 사이즈가 넉넉해서 옷을 처음 입어보는 우리집 강쥐도 어색해 하지 않네요..가격대비 최곱니다.,5,1
날씨가 추워진데다 미용했더니 너무 추워했는데 잘맞아서 강아지가 편해 하네요..천도 부들부들 좋고 바느질 마무리도 깔끔하네요...가격대비 잘 산것 같아 기쁩니다. 우리 강아지한테도 잘어울려요,5,1
아주 예쁘게 잘 맞아요 재구매 하겠습니다~,5,1
예쁘게 잘 맞아요. 재구매 의사  있습니다~,5,1
활동하기도 편하고 두께도 적당해서 우리 강아지가 정말 편안해 합니다. 몸에 맞춘듯 딱 맞아요,5,1
맘에들어서 몇개는 다른색상으로재구매할려구여 ㅋ,5,1
사진이랑 같고 기욤해서 좋아용 애들이 입고는 예뻐졌어용,5,1
예뻐용~~^^ 애들입히니예쁘니 더욱좋아용,5,1
예뻐용~~^^ 애들입히니예쁘니 더욱좋아용,5,1
사진이랑 같아서 예뻐용~^^ 잘입힐께용~,5,1
따뜻해보이고 사이즈도 넉넉해요. 만족스러워요,5,1
titdjbhrthn5hbdrty,5,1
가격대비  상품 좋아요  패딩이라  신축성이  없다고 해서  크게 주문했는데   커요  줄여서  입혔는데  극성쟁이라  그런지  똑딱이가  부실해  인터넷으로  구매해  바꿔 달아줬어요,5,1
강아지패딩점퍼안에입을꺼찾다가가격도저렴하고질도좋네요^^담에또이용할께요넘이뻐요,5,1
배송 빠르고 가격 저렴하고 너무 조은데 울아가가 닥스훈트라 허리가 좀 많이 짧은게  아쉽네요,5,1
가슴이랑  다맞는데  목부분이  좀크네요    원단좋고  다른데 보다  많이저렴해요  바느질도  꼼콤하고  좋아  재구매  하려구요  마니  마니 파셔요,5,1
사이즈를 큰걸 사서 헐렁거리지만 예뻐요~~,5,1
신축성이 좋아서 너무 편해보여요,5,1
밖에  있는  강쥐들~~   넘따뜻한  패딩   올겨울  춥지  않게  지낼수  있어  감사해요    강추합니다,5,1
좋은상품 감사합니다.,5,1
좋은상품 감사합니다,5,1
옷이 너어무 예뻐요~~ 애기한테도 잘 맞구요!!종종 이용 할게요,5,1
깔끔하고 예쁩니다. 후리스라 입고 있으면 몸이 따뜻히니지는게 느껴지네요..감사합니다.,5,1
너무 편하고 예뻐요,5,1
배송도 빠르고 옷도 예뻐요,5,1
배송도 빠르고 옷도 예뻐요,5,1
사이즈 미스로  크지만  춥지않은  겨울을  보낼수  있겠어요    패딩  정말  좋아요,5,1
나중에 클 걸 대비해서 넉넉하게 L사이즈 구매했어요. 역시나 낙낙하긴하지만 따뜻하고 디자인도 괜찮네요^^,5,1
마당서 커는 진돗개한테는 사이즈 선택을 잘못해서 저고리가 됐네요 어찌어찌 입히긴 했는데 실외 생활하는 대형견을 위해 더 큰사이즈도 나오면 좋겠어요,5,1
좋네요 동네 애견샾보다 싸고 좋습니다,5,1
좋아요 이쁘고 편안해하는듯,5,1
사이즈도 좋고 디자인도 입혀놓으닌까 이뻐요..  다만.. 모자가 넘 작아서 씌울수가 없어요.. 모자 고무줄이 넘 땡땡해요..,5,1
hgijthutjhrdhrhrdth,5,1
벌이 너무귀엽습니다.,5,1
86646327989,5,1
제옷보다 따숩게 잘 입고있어용~,5,1
털이 많이 빠집니다. 배송은 빨라요,5,1
생각보다 얇고 내복 같아요,5,1
생각보다 얇고 내복 같아요,5,1
괜찮아요 가성비 좋습니다,5,1
생각보다 얇고 내복같아요,5,1
우리 아기두부 꿀벌두부,5,1
우리 개는 몸통이 길어서 큰 사이즈로 시켰어요토순이 조끼가 길이가 제일 길어서 시켜봤는데 역시 좀 크네요ㅋㅋㅠ후리스는 딱 맞게 길이가 길어서 좋았고 별조끼는 딱 맞네요 항상 고퀄리티 대만족이에요♡,5,1
사진에서 보는 것과 똑같아요^^ 사이즈가 너무 딱맞아서 좋아요,5,1
털이 많이 빠집니다. 배송은 빠릅니다,5,1
저렴한데 너무 예쁘기까지해요,5,1
저렴한데 예쁘기까지해요,5,1
저렴한데 예쁘기까지해요,5,1
이뻐요ㅎ근데 애기가살쪄서그런지 엠사이즈가꽉끼네요ㅡㅠ,5,1
말해뭐해! 엄청 따숩어요.,5,1
너무이쁜ㆍ기요ㅎ 또시켜야겟어요,5,1
따뜻하게 잘입고 좋아해요,5,1
따숩당~^^산책때 잘입어요.,5,1
너무 이뻐요 맘에 들어요,5,1
너무너무좋아요더시켜야지,5,1
3.4키로 말티즈입니다 다른 M사이즈 옷은 다 교환 요청했고 이제품만 널널하게 와서 잘 입히고 있어요 스판끼도 있도 편하더라구요 귀여워요,5,1
옆집 강아지 선물해주려고 샀는데 이쁘긴 이쁜데 털이 많이 빠지네요ㅠㅠ,5,1
너무이뻐요 두툼해서 겨울산책때 딱이겠어용~~!!! 저희 강쥐도 만족하는 느낌..ㅎㅎ,5,1
바지부분이 꽉끼여서 애기 걸음걸이가 불편해서 못입혀요 ㅜㅜ,5,1
진짜 예뻐요. 사이즈오배송으로 시간은 좀걸렸지만^^,5,1
이뻐요 잘 어울리고요,5,1
데일리로 입히고 있어요,5,1
너무귀여워요 꿀벌옷 두번세번사세요 귀여움이 배가됩니다^.^,5,1
아기자기하고 귀여우어ㅛ,5,1
배송도 빠르고 옷도 예쁘네요,5,1
너무 아기자기해요!,5,1
가격대비 좋아요♡♡♡♡♡♡,5,1
애기가 말티즈 3키로인데 마른편이라서 M사이즈로 시켰는데 생각보다 넉넉하게 나왔네요 등길이는 딱맞아용 이뻐요,5,1
이쁘고 애기가 잘입고있네요,5,1
보돌보돌하구 넘 조아용배송도 빨라요,5,1
꿀벌티모 스킨이랑 똑닮았어요ㅋㅋㅋ 스판잇구 너무 보들보들 좋습니다,5,1
사이즈가 애매해서 (저희아이들기준)그렇치 가격대비 상품은 좋아요~~,5,1
너무이쁘고가격도착하네요,5,1
또구매하러올께요~~,5,1
드디어 우리개를 암컷으로 봐주기 시작했어요 핑크목줄로는 부족했나봐요 색감이 이뻐요,5,1
사진그대로 너무좋습니다ㅎㅎ,5,1
상품 좋아요. 감사합니다,5,1
상품 좋아요. 감사합니다,5,1
디자인 색상 입히면 예뻐요. 평상시L입는데 한치수 크게 나왔나 봐요.,5,1
너무너무 귀여워죽겠어용,5,1
너무너무너무 귀여워요 6키론데 xl 껴요 털찐것같아요 ㅠㅠ,5,1
줄무늬 레드티랑 같이 샀는데 사이즈도 딱이고 편해합니다 맘에 들어요!,5,1
디자인 좋음~ 편해요^^,5,1
디자인 신축성 편해요,5,1
같은 사이즈인데 패딩은 조금 크고 이건 작고 그러네요.,5,1
유니클로 후리스보다 더 따뜻할것같네요,5,1
후리스보다 이옷이 휠 맘에드네요 귀엽고 편하구 6키로말티 통통이 엑스라지 딱맞네요,5,1
애기가 말티즈 3키로인데 마른편이라서 M사이즈로 시켰는데 생각보다 넉넉하게 나왔네요 등길이는 딱맞아용 이뻐요,5,1
이쁘고 애기가 잘입고있네요,5,1
보돌보돌하구 넘 조아용배송도 빨라요,5,1
꿀벌티모 스킨이랑 똑닮았어요ㅋㅋㅋ 스판잇구 너무 보들보들 좋습니다,5,1
사이즈가 애매해서 (저희아이들기준)그렇치 가격대비 상품은 좋아요~~,5,1
너무이쁘고가격도착하네요,5,1
또구매하러올께요~~,5,1
드디어 우리개를 암컷으로 봐주기 시작했어요 핑크목줄로는 부족했나봐요 색감이 이뻐요,5,1
사진그대로 너무좋습니다ㅎㅎ,5,1
상품 좋아요. 감사합니다,5,1
상품 좋아요. 감사합니다,5,1
디자인 색상 입히면 예뻐요. 평상시L입는데 한치수 크게 나왔나 봐요.,5,1
너무너무 귀여워죽겠어용,5,1
너무너무너무 귀여워요 6키론데 xl 껴요 털찐것같아요 ㅠㅠ,5,1
줄무늬 레드티랑 같이 샀는데 사이즈도 딱이고 편해합니다 맘에 들어요!,5,1
디자인 좋음~ 편해요^^,5,1
디자인 신축성 편해요,5,1
같은 사이즈인데 패딩은 조금 크고 이건 작고 그러네요.,5,1
유니클로 후리스보다 더 따뜻할것같네요,5,1
후리스보다 이옷이 휠 맘에드네요 귀엽고 편하구 6키로말티 통통이 엑스라지 딱맞네요,5,1
오줌쌀때 다젖어요 넘길어서  좀 꼬매야할꺼같아요,3,0
넘 기여워용 이뻐요 ㅎㅎ,3,0
사이즈가 잘 맞아 좋았어요 S사이즈가 없어 M사이즈. 구매했는데 괜찮아요 화면과도 같구요ㅡ,3,0
옷은 귀엽고 예뻐용 배송도 왕빨라요,3,0
늘어나는것도 너무잘늘어나고 털도부드럽고 지퍼도 잘열리고 사이즈도 잘맞아요 좋아요,3,0
조끼에 단추가 있어서 단추로 끼우는줄알고 샀는데 단추는 장식이었네요~ 털은 보드럽고 따뜻한것같애요. 조끼라 활동하기 편해요.,3,0
너무이쁜옷싸게구입했어요,3,0
너무귀엽고ㅜㅠ 뜻뜻하니잘입히고있습니다  애가자다찍혀서.. 너무폐인같네요...,3,0
강아지 후리스 사주고 싶었는데 너무 저렴하게 잘샀어요 소재도 너무 부들부들 하고 부드러워서 강아지가 입기 편하네요,3,0
소재도 부들부들해서 집에서 강아지가 입기 너무 편해보여요,3,0
색상두 화면이랑 같고 마감이나 재질도 좋네요!! 잘 입힐게요~,3,0
넘 이뻐요 싼가격에 득템해서 질 입히고 다닙니당,3,0
만족합니다 만족합니다,3,0
만족합니다 만족합니다,3,0
그럭저럭 뻬리꾸우우웃,3,0
슈나우저 12키로 딱 맞아요 ㅎㅎ,3,0
12키로 슈나이저 2xl 사야하는데 신축성조타고해서xl샀는데 작아요 ㅜ.ㅜ,3,0
모자를 좀 불편해 했는데 옷 자체는 귀여워요.,3,0
너무 작아서 버렸지만 디자인은 귀여웠어요.,3,0
따뜻하게  두개 입으니  안추워해요,3,0
만족합니다만조합니다,5,1
xl지는 꽉껴서 2xl지시켰는데 좀많이크지만 작은것보단 나아서 그냥시켰어요~ㅋ,5,1
후리스 만족도5점만점에 5점,5,1
가성비최고예요.. 아니 가성비를 떠나 더 비싸도 샀을거예요.. 색깔 디자인 옷감 다 너무 맘에 들어요,5,1
만족도5점만점에 5점,5,1
만족합니다ㅏㄴ족합니다,5,1
사이즈 미스지만 다시 수선해서 입힐라구요,5,1
만족해요너무귀엽구이뻐요 ㅎ,5,1
이뻐요 귀여워요  옷감도 좋은거 같아요,5,1
겨울에 추울꺼 같아 시켰는데 좋아요,5,1
생각보다 커서 자꾸 옷이 벗겨지지만 아직 크는중이라 나중을 생각해서 좋을거같아요,5,1
컬팅패딩을 구입했었는데 너무 만족해서  후리스를 추가구입했는데 너무 마음에 듭니다,5,1
개귀여워 진짜ㅠㅜㅠ눈물 1억방울 흘렸습니다,5,1
너무 이뻐요. 사이즈 딱 맞습니다. 올 겨울 잘 보낼거에요.ㅎㅎ,5,1
크지만 옷위에 입힐거라 상관없고 따뜻할것 같아요,5,1
냥이입혔더니 어색해하지만 귀여워요,5,1
강쥐가 원숭이가됐네요 너무귀엽,5,1
아이가 편해해서 좋아요,5,1
옷을 다 물어 뜯던 아인데 편하게 입고 잘 자더라구요 ㅎㅎ,5,1
아리마루꺼구매하면서찌루것도,5,1
요즘이렇게싸게파는곳됴있군여,5,1
가격대비넘좋아여!!!!!!!!!!,5,1
찌루도잘어울리다하네여,5,1
사이즈 잘 맞고 에쁩니다,5,1
너무 부드럽고 강아지도 편하게 입는데 조금커서 수선해서 입혀요,5,1
보들보들하니 괜찮긴 한데 가슴둘레가 약간 작게 나온거 같아요,5,1
보들보들 괜찮은데 가슴둘레가 약간작게 나온거 같아요,5,1
가격도 품질도 배송도 완벽구성♡,5,1
조아요조아여조아요조,5,1
옷이귀엽고편하게잘입어요,5,1
소재가 좋고 사이즈도 잘 맞아요,5,1
예쁘고 편해서 잘때도 입혀요 ㅋ,5,1
올인원 처음 사보는데 너무 만족해요🥰,5,1
좋아요 좋아요 좋아요,5,1
좋아요 좋아요 좋아요,5,1
조아죠아뇨조아요조아뇨,5,1
빠른 배송 너무좋앙ᆢㄷ,5,1
색 너무 이뻐요ㅠㅠ 노랑노랑한게 병아리같고 귀여워요😍,5,1
바느질 마감이 깔끔하고 소재도 좋아요 예뻐요,5,1
예뻐요 바느질 마감도 깔끔하고 잘 맞아요,5,1
사이즈 잘 맞고 소재도 좋아요 이뻐요,5,1
너무 예쁘네요 다음에 또 구매할께요,5,1
시츄인데 M 두개 L 하나 샀어요 ㅎ 조끼라 활동성 편하고 좋아요!! 강아지들도 마음에 든대요  재고가 있었으면 토순이도 사고싶었어요 ㅠㅠ,5,1
너구리 L 4개 샀습니다! 추울까봐 사는 거라 등길이에 맞춰서 L샀더니 털깎은 지금 상태에서는 앞발이 가끔 빠지네요 ㅋㅋㅋ 근데 입은 모습이 너무 귀엽고 옷이 따뜻해서 자주 입힐 것 같아요!,5,1
만족만족대만족 조금 크긴하지만 넉넉하니 움직이긴 편하겠네요,5,1
사이즈가 제품별로 좀 다르네요,5,1
사이즈가 제품별로 다르네요,5,1
옷은 사이즈 딱 맞는데 모자가 안 들어가욬ㅋ,5,1
아디도그 사고 싶었는데 너무 좋아요 !,5,1
미용하고추울까봐 집에서 입히려고 시켰어용ㅋ,5,1
질감이 좋고 마감처리가 가격대비 좋으네요 또 구입해야 겠어요,5,1
배송도 빠르고 이뻐요,5,1
옷은 정말 편한거 같아요~입고 있어도 어정쩡한 걸음을 걷더니 금새 잘 걸어요,5,1
조끼는 조금 크게 나온거 같지만 입을만 해요~,5,1
"몸집 작은 시츄는 엠, 살찐 시츄는 라지로 샀어요 다리가 짧아서 조끼로 샀는데 활동성 좋아요!",5,1
편하게 잘 입고 있어요~,5,1
택배도 빠르고 편해요~~,5,1
딱 가격만큼 입니다ㅋㅋ 미용하고 추울까봐집에서 입히ㄹㅕ구용,5,1
사자옷은 넘커서 반품하려다가 그냥 쓰려구요.퀄리티는 좋아요,5,1
우리강아지 너무 잘 어울리고 따뜻한 재질이라 산책시 입히고 있어요!,5,1
치와와한테 입혔어요 안쪽 털이 따스하네요,5,1
우리 강아지가 폭풍성장중이라 m사이즈 주문했는데 어떤건크고 어떤건 맞고ㅋ 싸게잘샀어요,5,1
우리 모카에게 너무 잘 어울리고 예뻐요 디자인도 괜찮고 사이즈도 괜찮아요,5,1
sm중간정도 사이즈라 m사이즈가 넘커서 반품하려다가 그냥 쓰려구요.퀄리티는 좋아요,5,1
sm중간정도 사이즈라 m사이즈가 넘커서 반품하려다가 그냥 쓰려구요.퀄리티는 좋아요,5,1
sm중간정도 사이즈라 m사이즈가 넘커서 반품하려다가 그냥 쓰려구요.퀄리티는 좋아요,5,1
sm중간정도 사이즈라 m사이즈가 넘커서 반품하려다가 그냥 쓰려구요.퀄리티는 좋아요,5,1
좋습니다. 배송도 빠릅니다.너무 귀여워요,5,1
골지로 되있어서 편하고 애기가 잘입어요~,5,1
놀러 가서 입혔는데 펜션 사장님이 너무 귀엽다고 번쩍 안아서 펜션 관리동까지 애기 혼자 마실까지 다녀왔어요 옷 덕인지 뭔지 하여튼 나그랑 입혀 놓으면 사람이 그렇게 꼬여요 도화살 낀 옷인가 봐요 핏 지린다는 이야기임,5,1
지인의 부탁으로 주문해 드렸는데 너무 이쁘다고 만족하셨어요 활동성도 좋아보입니다 다만 저의애기한텐 맞는사미즈가없어서 아쉽습니다,5,1
사이즈 잘맞고 좋아요,5,1
너무너무 좋습니다  시츄5키로인데 라지사이즈 딱맞네요,5,1
송아지처럼 귀엽고이뻤는데 1시간만에  지퍼를 물어뜯었네요 다찢어졌어요  너무아쉽,5,1
잭러셀테리어 성견 미디엄 사이즈 딱 좋음! 다 좋은데 털이 너무 많이 빠짐ㅠ 첫날 딱 입혔는데도 후두둑 떨어짐ㅠ 며칠 입으면 카톡 라이언 될듯 모자에 있는 단추부분은 사이즈 작아서 못 채움 가격대비 ㄱㅊ은듯,5,1
따뜻하겠어요 저렴한가격에잘산거같아요,5,1
재질도 넘 맘에 들고 이쁘네요. 다른 색깔도 더 구매하고 싶어요. 신축성도 엄청 좋아 활동하기 매우 편합니다.,5,1
잘입혀볼게용~!~!,5,1
잘입힐께요~!~!~,5,1
잘입힐께요~!~!~,5,1
맘에들어요 저렴하고 이쁜거같아요ㅎ,5,1
"색깔도 마음에 들고 디자인, 재질, 활동성 모두 좋습니다.",5,1
빠른배송 감사드립니다.,5,1
빠른배송 감사드립니다.,5,1
빠른배송 감사드립니다.,5,1
빠른배송 감사드립니다.,5,1
아 저렴한 가격에 칼배송으로 받아서 너무 젛았어요 근데 살짝 큰걸 시켜서 강아지한테는 좀 크네요 ㅋ 귀엽긴해요,5,1
너무이쁘고 잘어울려요,5,1
저희 집 애는 포메라 옷 안입히는게 좋을 것 같은데 신랑이 애기 춥다며 직접 골라서 주문했네요.ㅎㅎㅎ몸무게가 1.8kg인데 등길이에 맞춰 주문하니 s는 좀 작고 m은 좀 크네요. 옷은 다 귀엽고 맘에 들어요.,5,1
싸이즈는 생각보다 컸지만 부들부들하니 좋네요,5,1
생각했던 것보다는 색이 탁했지만 예쁘고 편하게 입힐수 있겠네요 ㅎ 추천,5,1
빠른배송에 부들부들하고 자극없이 집에서 입히기 좋아요,5,1
배송도 빠르고 옷도 따뜻하고 좋아요 ㅋㅋ 라지로 주문했는데 좀크네요 5키로 닥스훈트입니다,5,1
3키로 말티 m사이즈 잘맞아요 토끼가 넘 귀여워요,5,1
배송 빨라요! 꼼꼼히 잘 보내주셨는데 사이즈가 작아서 그런가 목부분이랑 팔 넣는부분들이 약간 타이트 한 것 같아요!,5,1
재질이 면스판 같아보이네요. 넘 좋습니다. 실내복으로도 외출복으로도 적당하네요.,5,1
걱정했는데 그럭저럭 쓸만해요 올인원은 지퍼가 너무 거칠어요,5,1
엄청 활동적인데  옷입히면 넘 얌전해지네요  귀여워요^^특히 꿀벌옷이,5,1
비교적 괜찮아요 앞다리부분이 다소길어 불편하네요,5,1
ㅎㅎㅎ대박 귀여움:-),5,1
강쥐들 입혀놓으니 너무 예뻐요.,4,1
배송도빠르고 옷도이뻐요 울아가 귀여워죽갓음,4,1
배송도빠르고 옷도이뻐요 울아가 귀여워죽갓음,4,1
배송도 빠르고 옷도 너무 고급져요 ㅋㅋㅋ ㄱ꼬미한테 너무 잘어울려요,4,1
우리 댕댕이 겨울에 따뜻하고 편하게 입을수있을것같네요,4,1
배송 빠르고 좋습니다. 그런데 사이즈가 생각보다 작아서 다른 친구한테 줘야될 것 같아요ㅠㅠ 디자인은 화면이랑 똑같습니다.,4,1
사이즈도 딱이고 신축성이좋아서 편해보이네요,4,1
작아서 고무줄 뺏더니 맞아서 아쉽지만 너무 귀여워요,4,1
옷도잘맞고 사진과 같았요~~예쁘게잘입을께요,4,1
천은 부들부들 좋아요. 그런데 저희 강아지가 싸이즈가... 몸통에 맞추면 맞는데... 애가 원래 좀 길~~어요^^ 그래서 조끼가 저고리같네요.ㅋㅋㅋ  가격 저렴하고... 귀여워요 ㅠㅠ,4,1
사이즈거 쪼금 커요~잘 못 제서 그런거 같지만 거의 맞아요~,4,1
옷이 너무이쁘고 컬리티가 좋은것 같아요,4,1
제품 질도 좋구 컬리티좋은것같아요,4,1
제품 너무 좋은것같아요,4,1
부드럽고  활동성도 좋고 하지만 다른 제품에 비해 싸이즈가  좀 적은듯 하네요  잘 입고  있습니다,4,1
빠른 배송 감사합니다. 잘 받았습니다! 팔 넣는부분이 약간 타이트해요 그래도 입혀보면 사람 옷 입혀놓은 것처럼 너무 귀엽네요. 감사합니다.,4,1
생각보다 싸이즈가크네요,4,1
저렴한 가격대에 잘 구매한거같아요!!  애기한테 잘 어울려요!!,4,1
착한가격으로 너무 잘산거같아요~~,4,1
착한가격으로 너무 잘 산거같아요,4,1
저렴한 가격에 가성비 좋습니다!,5,1
가격대비 너무 좋아용~,5,1
따숩고 정말ㅊ좋아요,5,1
넘~~이쁘네요.좀 커서  줄여서요~~,5,1
두 아이같이입혔는데 귀엽고 편하게입히기 좋네요,5,1
너무 귀엽고 예쁘네요 좋아요,5,1
가격비해 옷이 편하고 이뽀요 몸무게가 5.3kg이라서 L로 주문했는데 넘 딱 맞아요,5,1
휄체어를 타는 아이라 앞 지퍼가 눌리지 않을까 좀 걱정되는데... 따뜻하고 길어서 좋아요,5,1
재질이 엄청 부드럽고 좋아요,5,1
편하게 입기 좋구 쌀쌀한 날씨 산책할때 쵝오요~=,5,1
아가가 편안해 하고 잘 어울려요~ 우리 아가는 미니시츄인데 4.2 킬로예요~ M 샀더니 완전 맞춤입니다~,5,1
우리아가에게 딱이예요~~,5,1
우리아가에게 딱이예요~~,5,1
저희 강아지가 길어요. 옷은 이쁜데... ㅋㅋㅋ,5,1
안에 기모가 되어있어서 좋아요. 길이도 넉넉해서...더 좋아요^^,5,1
너무 귀여워요! 마음에들어요,5,1
너무 귀여워요! 마음에들어요,5,1
너무 귀여워요! 마음에들어요,5,1
너무 귀여워요! 마음에들어요,5,1
올인원은 사이즈가 작게 나왔네요,5,1
노란올인원은 사이즈가 넘작네요,2,0
조끼는 추운날 덮입기 좋네요,2,0
청바지가 스판이였으면....,2,0
좋습니다  구매자분들 정치수보다 한싸이즈나 두싸이즈.크게 주문하시면 적당하게 입히실거 같아요..참고하시요,2,0
이쁘고 잘 맞아요ㅋㅋ 4.3kg강아지에요,2,0
개님이조어할거서러쵸,2,0
우리개가조아할거가타,2,0
밤에 쌀쌀해서 추울까봐 사 입혀봤는데 너무좋아하네요 그런디 지퍼부분이 좀 약한지 잘고장나네요,2,0
우리아가들한테 잘맞네요,2,0
따틋하게 잘입힐께요.,2,0
너무예뿌고  잘맞아요,2,0
"XL시켜야 되는거 잘못시켜서 L시켰는데,, 딱 맞아서 다행이에요! 옷 색도 너무 예쁘고 우리집 댕댕이한테 잘 어울립니다:)",2,0
넘넘 귀욥고요 넘 예뻐서 톡메인사진에 올려놨네요 감사합니다 ㅎㅎ 울애기가 정말 좋아할만한 옷이네요 감사합니다^^,2,0
좋습니다. 만족하고요. 근데싸이즈가 정싸이즈라고 해야하나? 좀 적은 싸이즈라고 해야 하나싶습니다.  가슴.목둘레 체크하고 구매한건데..작네요.. 한싸이즈나 두싸이즈 크게 구매하시면 딱 좋을거 같습니다.,2,0
줄무니 드자인이 마음에 틀어요,2,0
어주조아요개가조아해,2,0
예쁘고 잘맞아요.좋아요,2,0
빠른배옹감사합니다. 잘입힐께요,2,0
스판도되고 너무 좋아요 벌써 봄같네요,2,0
옷 귀엽고 이쁘네요,2,0
옷 귀엽고 이쁘네요,4,1
옷 귀엽고 이쁘네요,4,1
빠른배송 감사합니다. 잘받았어요,4,1
좋아요.  더 사서 입혀야겠네요,4,1
편안해해요. 더 사야겠네요,4,1
예뻐요 !!!사이즈딱맞네요,4,1
진짜 후리스 왕 귀여워요ㅠㅠㅠ,4,1
좋아요. 더 살꺼에요,4,1
그냥 가격만큼...~~~,4,1
배송도빠르고 예뻐요,4,1
배송빠르구 예쁘네요,4,1
포매2살에6ㆍ9키로라 2XL를삿는데 넘이뻐요 소매가잇어귀엾네요 뒷다리도잇는걸로하나더구매해야겟어요^^,4,1
어그부츠가 만족이에요 가격대비 잘산듯합니다. 올인원 옷은 질감이 뻣뻣하나 디자인은 귀엽네요,4,1
예쁘고 저렴해서 좋네요. 샵에 가면 비슷한 옷들이 최소 만오천원은 넘어갔는데 예쁜 옷을 저렴하게 사서 좋아요.,4,1
색상이랑 천은 정말 좋은데  사이즈를 잘 못맞췄어요 ㅠㅠ,4,1
주문했는색이 안왔네요~ 다시 반품하기 그래서 그냥 입혔는데  사전에 이야기없이 물건잘못와서 별점빼요,4,1
두번째 구매입니다~ 입혀놓으니 너무 예뻐요~  아주 마음에 들어요^^,4,1
사이즈도 딱맞고 너무 예뻐요~ 다음에도 또 구매하고 싶습니다,4,1
이 가격에 재질도 좋고 너무 맘에 듭니다!,4,1
가격대비 입히기 좋아요,4,1
옷 귀엽고 이쁘네요,4,1
옷 귀엽고 이쁘네요,4,1
빠른배송 감사합니다. 잘받았어요,4,1
좋아요.  더 사서 입혀야겠네요,4,1
편안해해요. 더 사야겠네요,4,1
예뻐요 !!!사이즈딱맞네요,4,1
진짜 후리스 왕 귀여워요ㅠㅠㅠ,4,1
좋아요. 더 살꺼에요,4,1
그냥 가격만큼...~~~,4,1
배송도빠르고 예뻐요,4,1
배송빠르구 예쁘네요,4,1
포매2살에6ㆍ9키로라 2XL를삿는데 넘이뻐요 소매가잇어귀엾네요 뒷다리도잇는걸로하나더구매해야겟어요^^,4,1
어그부츠가 만족이에요 가격대비 잘산듯합니다. 올인원 옷은 질감이 뻣뻣하나 디자인은 귀엽네요,4,1
예쁘고 저렴해서 좋네요. 샵에 가면 비슷한 옷들이 최소 만오천원은 넘어갔는데 예쁜 옷을 저렴하게 사서 좋아요.,4,1
색상이랑 천은 정말 좋은데  사이즈를 잘 못맞췄어요 ㅠㅠ,4,1
주문했는색이 안왔네요~ 다시 반품하기 그래서 그냥 입혔는데  사전에 이야기없이 물건잘못와서 별점빼요,4,1
두번째 구매입니다~ 입혀놓으니 너무 예뻐요~  아주 마음에 들어요^^,4,1
사이즈도 딱맞고 너무 예뻐요~ 다음에도 또 구매하고 싶습니다,4,1
이 가격에 재질도 좋고 너무 맘에 듭니다!,4,1
가격대비 입히기 좋아요,4,1
가격대비 입히기 좋아요,4,1
따듯해보이고 귀여워요,4,1
커플로 입햣어요좋아요,4,1
스피치 7.6kg 나가는 강아지 XL입히니 딱 잘맞네요~ 옷 퀄리티도 괜찮고 디자인도 귀엽네요^^ 특히 조끼가 너무 귀엽습니다^^ 잘입겠습니다~~,4,1
제품  좋아요  저렴하고요,4,1
싼맛에 입혀요~~~~~,4,1
싼맛에 입혀요~~~~~,4,1
너무 귀여워요ㅠㅠ 칭구 강아지 선물로 사준건데 너무 귀여워요ㅠㅠㅠ,4,1
옷이 진짜 너무 귀엽고 이뻐욬ㅋㅋㅋ,4,1
가격도 괜찮고 옷질도 괜찮네요,4,1
가격도 괜찮고 옷질도 괜찮네요,4,1
가격도 괜찮고 옷질도 괜찮네요,4,1
가격도 괜찮고 옷질도 괜찮네요,4,1
가격도 괜찮고 옷질도 괜찮네요,4,1
가격도 괜찮고 옷질도 괜찮네요,4,1
부드럽고 돟아요 6키로 인데 살짝 작지만,4,1
부드럽고 좋아요 추천,4,1
귀엽고 따듯해 보여요,4,1
귀엽고 따듯해 보여요,4,1
배송 빨라서 만족합니다,4,1
사이즈를 잘못주문해서 작네요,3,0
완전따뜻할것 같고 단추라서 입히기도 편했습니다^^하나 더살까 고민중 입니다,3,0
배송빠르고 좋네요  마니파세요,3,0
배송빠르고좋네요많이파세요,3,0
예뻐요 두께감도있고~ 요즘실내에서 입히기 딱좋네요,3,0
배송도 빠르고 잘받았습니다,3,0
배송도 빠르고 잘받았습니다,3,0
제품이 가격대비 질이 좋아요,3,0
색상좋고 따뜻할거같아요  만족합니다,3,0
조금더 작았으면 좋았겠지만 그래도 정말예뻐요,3,0
아직입혀보진 않았는데 안에 기모가 있어서 너무 좋네요~,3,0
사이즈 재고 샀는데 딱좋아요 단추형이라 입히기도 편하고 따듯해요 애기도 편해하구요,3,0
사이즈가 딱 맞아요~~~ 입혀놓으니까 너무 예쁩니다,3,0
털이 안에 엄청 많이 들어 있어요 ㅋ,3,0
갈색푸들인더 줄무늬 이쁘네요,3,0
옷 깔끔하고 예뻐요 등이 긴 강아지들이라 등이 좀 짧게 느껴지긴한데 길이 재어보고 구매하세요~~!,3,0
옷 깔끔하고 예뻐요 등이 긴 강아지들이라 등이 좀 짧게 느껴지긴한데 길이 재어보고 구매하세요~~!,3,0
옷 깔끔하고 예뻐요 등이 긴 강아지들이라 등이 좀 짧게 느껴지긴한데 길이 재어보고 구매하세요~~!,3,0
옷 깔끔하고 예뻐요 등이 긴 강아지들이라 등이 좀 짧게 느껴지긴한데 길이 재어보고 구매하세요~~!,3,0
만족합니다 잘맞고 편해해여,3,0
다른 티셔츠도 동일 사이즈 M으로 시켰는데 나그랑티가 좀 더 끼네요 상품은 예뻐요,3,0
배송도빠르고 좋습니다,3,0
옷이 품질이 괜찮네요,3,0
품질이 좋은것같아요,3,0
배송도빠르고 좋아요,3,0
생각보다 질이 별로네요. 치수를 다 재서 주문했는데 사이즈도 안맞고 불편해서 3개 중에 2개는 입기도 힘들겠어요. 반품하기 귀찮아서 그냥 장난감으로 사용하다가 버려야 할거 같아요.,3,0
실제로 입혀보니 무난하니 예쁘네요,3,0
실제사이즈보다 작다는 소리를 들어서 L시켰는데 너무 커서 M으로 교환했어요ㅠㅠ 사이즈는 정사이즈로 시키면 되고 옷 자체는 너무 귀여워요! 근데 팔 부분이 너무 넓어서 자꾸 발이 빠져있더라구요,3,0
너무이쁘고 가격도 착해요,3,0
사이즈가 딱 맞아서 맘에 들어와 원단도 보들보들 좋아요,3,0
질이 안좋고 디자인도 별로에요. 치수를 재서 주문했는데 사이즈도 안맞네요. 옷이 겉돌아서 보온도 힘들겠고반품하기 귀찮아서 대충 입히다 버려야 겠어요,3,0
치수를 재서 주문했는데 사이즈가 안먖네요. 옷이 걷돌아서 보온이 힘들겠어요,3,0
기여웡...우리두부 기여워요,3,0
빠르게잘받았습니다~~~,3,0
집에서 입으려고 샀는데 얇고 색도 너무이뻐요,3,0
맘에들어요 이번겨울 후리스 하나면 충분해요,3,0
시킨옷중 제일 마음에 들어요~사이즈도 디자인도 질도좋아요,3,0
시킨옷중 제일 마음에 들어요~사이즈도 디자인도 질도좋아요,3,0
신축성이좋아 입히기 편하고 예쁜옷 저렴하게 잘샀어요~,3,0
디자인도 이쁘고 질도 괜찮고 따뜻한옷이에요,3,0
잘 받았습니다. 생각보다 길이는 좀 긴거같네요.,5,1
잘 받았습니다. 길이는 생각보다 좀 기네요.,5,1
괜찮아요 저렴한 가격에 굿,5,1
괜찮아요 저렴한 가격에 굿,5,1
생각보다옷이크네요 헐렁할정도예요 그래도예쁘게입힐께요,5,1
사이즈가 작게 나온거같아요 보드랍고 다좋은데 사이즈가 작어요,5,1
제품 좋아요 조금 작게 주문하여 ㅜㅜ,5,1
집에서 평상복으로 입히기좋아요 깔끔하구 군더더기없는 디자인입니당!!^.^,5,1
사이즈도 넉넉하고  신축성이 좋아요,5,1
신축성이 좋고 따뜻해요,5,1
빠른배송감사합니다  잘입힐깨요,5,1
빠른배송감사합니다  잘입힐깨요,5,1
빠른배송감사합니다  잘입힐깨요,5,1
빠른배송감사합니다  잘입힐깨요,5,1
빠른배송감사합니다  잘입힐깨요,5,1
안에 기모가  들어잇어서 요것만  입고  나가도  될거 같아요 너무  예뻐요,5,1
배송빠르고 울 멍이 딱 맞고 예쁘네요. 잘 입힐게요.,5,1
배송빠르고 우리 멍이한테 딱이네요.,5,1
귀여워요  따뜻하게 잘 보낼 거 같아요 다음엔 다른 색상을 사야겠어요,5,1
울아기한테넘잘어울리고 짐날씨에딱이예여 산책할땐꼭아디독을~ㅋ 핏조아여,5,1
치와와한테는m사이즈커요 s로 해야되는데ㅜㅜ 근데옷은넘이뻐요 치와와중에좀큰애들은m작은애들은s가 앚을듯,5,1
9키로 프렌치불독 2xl 잘맞아요 Xl는 타이트했는데 딱 좋아요,5,1
일단 디자인 너무 귀여워요!! 회색은 때도 별로 안 탈것 같고 겨울에 따뜻하게 입힐수 있을거 같아요!,5,1
생각보다 작은사이즈의 S였어요 목쪽에 고무줄이 들어있어 불편해보여 수선했습니다~,5,1
리뷰보고 사이즈 작은걸 알고 한치수 큰걸 시켰는데도  어깨와 팔부분 이어진부분이 재단이 잘못됐는지 디자인이 그런건지 불편.  반품 귀찮아 그냥둠.,5,1
실내옷으로 활동하기도 편하고 디자인도 마음에들어요~,5,1
사이즈보다 조금 작게 나온거 같아서 입힐때 조금 힘들었어요! 한치수 크게 구매하는게 좋을것 같아요!,5,1
귀엽고  신축성이 좋아 입히기  좋아요,5,1
빠른 배송 감사합니다,5,1
빠른배송 감사합니다,5,1
다른옷들 너무좋아서.. 잘때 입힐려구 수면조끼 구입했어요 ㅋ,5,1
생각보다 조금 작지만ㅠㅠ 다음엔 한사이즈 크게 사도 괜찮을 거 같아요ㅎㅎㅎ,5,1
가격에 비해 좋은거 같아요,5,1
커플 옷으로 구매했는데 좋아요~ㅎㅎ,5,1
좋아요 수고하세요 가성비짱,5,1
가격에 비해 좋네요! 처음 입혀보는 옷 이라 입고 벗길때 힘드네요,5,1
아래 목부분이 너무 쳐지네요. 촉감 디자인 좋아요,5,1
길이부분이 짧아서 허리중반까지밖에안오지만 귀여운건 어쩔수없네요,5,1
수면조끼같아서 귀여워여~~너무싼가격이라 기대를안했는데 가격대비너무만족합니다,5,1
유기견보호소 개들에게 입히려고 주문했습니다. 가볍고 따뜻해서 좋네요!!,5,1
실내에서 지금입기 딱 좋아요,5,1
가격대비 품질이 아주 좋아요,5,1
나그랑티시켰어여~어우 소재도좋고 신축성이좋아서 저희집할머니들 따숩게입고계십니다~ 가격대비너무좋은것같아요ㅠ,5,1
유기견보호소 개들에게 입히려고 주문했습니다.,5,1
좋아요. 굿!ㅋㅎㅋ,5,1
생각보다 크기가 작아요 ㅜㅜ,5,1
너무 좋아요  감사합니다,5,1
너무 좋아요  감사합니다,5,1
너무 좋아요  감사합니다,5,1
나중에애기들사진도같이올릴께요ㅋ감사합니다,5,1
담에 또 구매의사  있습니다,5,1
담에 또 구매의사 있습니다,5,1
담에 또 구매하겠습니다,5,1
지금 막 받아서 바로 입혀봤어요. 바느질도 촘촘하고 안감에 털도 두툼하고 예뻐요. 우리아이가 마른편이라고 품이좀 크하지만 길이는 딱맞고 배 부분도 많이 덮어줘서 맘에 쏙 들어요 예쁘고 따뜻하게 잘 입히겠습니다,5,1
조금크긴한데 이쁘네요,5,1
슈나우저 6.6키로 xl 말티즈3.5키로L시겼는데 딱좋네요~,5,1
귀엽습ㄴ다 안쪽 기모가 좀더 도톰했으면 더좋았을것같습ㄴ다,5,1
등에 단추로 열고 닫고 하는줄 알았는데 그냥 디자인이네요 그래도 이뻐용ㅎㅎ,5,1
넘이쁘구 우리 삐삐한테 넘 잘어울려요~~,5,1
울애기가 고양이라그런지 약간크네요 그치만 가격대비 제품은 아주젛아요^^,5,1
가격대비 질도 좋고 이쁘네요~~,5,1
가격대비 질도 좋고 이쁘네요~~,5,1
선물했는데 너무 맘에 든다고하네요^^,5,1
배송도 빨리 해주셔서 너무 맘에 들고 옷도 사이즈에 딱 맞네요 감사합니다 이쁘게 잘 입고 다음에 또 구매할게요,5,1
"재질은 보돌보돌하고 좋은데, 강아지가 시츄 5.3키로  평소 사이즈가 L라서 L주문했는데 입히니까 길이가 작네요ㅠ 한치수 큰거 샀으면 딱이였을듯.. 통은 맞아요  이 옷은 길이가 좀 작게 나온것 같으니 한치수 크게 사세요",5,1
귀 빼는 곳이 있어서 너무 귀여운데 가슴둘레 부분이 보통 사이즈 보다는 작게 나온거 같아요ㅠㅠ 꽉 맞더라구요,5,1
너무귀여워요ㅜㅜ동네에서 핵인싸됨 ㅋㅋ,5,1
귀 빼는 곳이 있어서 너무 귀여운데 가슴둘레 부분이 보통 사이즈 보다는 작게 나온거 같아요ㅠㅠ 꽉 맞더라구요 그래도 귀여워용,5,1
생각보다옷이너무큽니당 그래도 입혀야죠 커서옷이막돌아가네용ㅎ,5,1
품이 넉넉하게 근데 애들 활동하기에는 좋아요 ㅎㅎ,5,1
앞전에 쓴 리뷰 내용과 동일합니다!,5,1
사이즈오차가 크지않은 편이나 꿀벌은신축성이있는옷이라그런지 조금작네요! 그래도 사진이랑 큰차이없이 옷이 괜찮습니다,5,1
사이즈 딱 맞구 면 질도 좋아요!,5,1
사이즈 딱 맞구 질도 좋아요!,5,1
좋아요이쁘게잘입을게요,5,1
예쁘고가볍고너무귀여워요,5,1
너무귀엽네요 따뜻하게 잘입을것같아요,5,1
3.5  우리강아지는 좀타이트하네요 털때문인지 그래도 너무귀엽네요,5,1
옷이예쁘고입히기편하네요,5,1
생각보다 사이즈가 좀 큰것 같아요,5,1
생각보다 사이즈가 커요,5,1
좋은제품저렴하게구입했어요,5,1
좋은제품저렴하게구입했어요,5,1
따뜻하고 귀엽습니다 감사해여,5,1
디자인과소제또활동성있게만들어서좋았어요,5,1
따뜻하고 좋아요 아침저녁으로 추울때 입히고 산책하니 좋네요 값도 저렴하니 너무 좋아요^^,5,1
살짝 작은감이 있지 않나싶네요 한사이즈 크게 시키면 너무 클거같고.. 그래도 예뻐서 만족하는 제품 입니다 ㅎㅎ,5,1
배송도 빠르고 좋아요 ㆍ골고루 주문했는데 정확하게 왔어요 ㆍ아직 사용전이지만 편하게 사용할수 있을것같아요,5,1
사이즈 잘 맞고 애들이 잘입고  잘자요 또 구매할께요,5,1
옷이 엑스 스몰 했더니 아기강아지인데도 많이 쫑기네요 사이즈 미스라 ㅜㅠ 스몰이 나을거 같아요,5,1
애기라 작은거 사도 큰데 이쁘고 좋아요,5,1
사이즈 잘 맞아요 너므 좋아해요,5,1
재질이너무좋아요 신축성도좋구 다음에또사서 입혀야겟어요 좋은옷많이만들어주세요^^,5,1
날씨가 쌀쌀해 졌는데 딱 좋아요. 따뜻하니 아이가 아직 크는 중이라 다 크면 위에 싸이즈로 하나 더 사야겠어요 ^^,5,1
너무 편하게 잘 입히고 있어요 예뻐요 !,5,1
가격대비  좋습니다..~,5,1
가격대비  좋습니다.~,5,1
가격대비 좋아요.~,5,1
따뜻하고 예쁜거 같아요 강아지가 좋아해요,5,1
우리보리한테 너무 잘 어울리구 저렴해보이지두 않고 좋네영,5,1
3.5킬로 푸들 강아지에게 m사이즈 딱 맞네요~ 등길이가 조금 짧긴한데 더 큰사이즈는 가슴폭이 클것같아서~ 이쁘게 잘 맞습니다~,4,1
후리스 보들보들 너무 귀엽구 색깔도 너무 귀여워요ㅠㅠ저희집 강아지 원래 예뻤는데 후리스 입고 더 귀여워보여요ㅠㅠㅠ다음에 또 사러올게요~!,4,1
옷은 사이즈도 좋고 색도 좋은데 우리집 강아지가 뭐 입는걸 안좋아해서 입혀놓으니 얼음이 되네요ㅋ 털이 빠져서 입히려고 샀는데 이번에도 실패인가 봅니다ㅋㅋ차에 탈때나 간간이 입혀야겠어요ㅋ,4,1
신축성과 보온성이 뛰어납니다 올 겨울은 거뜬하겟어요 좋은제품 싸게 주셔서 감사합니다~~,4,1
다 좋은데 사이즈 실측도 재고 산건데 큰건 크네용..!! 근데 재질이 진짜 최고!!!!!!!!!!!!!!,4,1
sm중간정도 사이즈라 m사이즈가 넘커서 반품하려다가 그냥 쓰려구요.퀄리티는 좋아요,4,1
저렴해서 또 구입합니다~,4,1
저렴해서 또 구입합니다~,4,1
디자인이랑 사이즈는 좋아요ㅎ 울집  강아지가 옷만 입으면 얼음이 되서 차에 탈때나 입혀야 될거같아요ㅎㅎ,4,1
너무 귀여워요 편해보이구요,4,1
진짜귀여워요ㅋㅋㅋ 잘늘어나서 입히기쉬움,4,1
2.2키로 푸들 입히니 좀 낙낙하이 괜찮아요  기모되어있어서 따뜻할듯,4,1
따뜻하고 편하고 예뻐요,4,1
집에서 따뜻할듯 옷가볍고 이뻐요.,4,1
색상이쁘고 면이 좋아보여요.,4,1
ㅈ 이뻐용!(!)!!)!!),4,1
세상 나아뿐 사장님 물건좋아 가격 저렴해 바쁘실텐데 손빠르게 로켓배송까지 세상 좋은거 혼자 다하심 흥흥 흥하세용,4,1
국굿굿굿 이뻐요ㅎㅎㅎ,4,1
국굿굿굿 이뻐요ㅎㅎㅎ,4,1
배송빨랐구요..강아지옷이 참 귀엽네요 ㅎㅎ 많이파세요,4,1
강아지 옷이 예쁘고 좋아요,5,1
옷도 이쁘고 아이가 좋아해요 ㅋㅋ 그리고 따뜻,5,1
세상 나아뿐 사장님 물건 좋아 가격 저렴해 배송은 로켓배송 세상 좋은거 혼자 다하심 흥흥 흥하세요!!!!,5,1
세상에 나아뿐 사장님 물건좋고 가격 저렴하고 배송은 로켓배송 세상 좋은거 혼자 다하심 흥흥흥하세요!!!,5,1
좋아요 가격대비 ㅋㅋ,5,1
좋아요 가격대비ㅎㅎ,5,1
첫구매라 사이즈를 잘못 사서 좀 그랬긴 하지만 개가 좋아해요 따뜻하게 겨울 나겠네요,5,1
저렴하고 괜찮아요^^,5,1
배송도 빠르고 옷이 따뜻하겠어요,5,1
배송도빠르고 품질 좋아요,5,1
좋아요가격대비 ㅇㅇㅇ,5,1
좋아요 가격대비 ㅇㅇㅇ,5,1
잘 받았어요~ 잘 입을게요,5,1
괜찮아요 이뻐요 ㅋㅋㅋ,5,1
사이즈가 다 작게 나온거같네요...  스몰사이즈 두개 주문했는데 사이즈가 다르네요...? 그래서 하나는 아에 못입게 생겼어요...,5,1
티셔츠랑 조끼 세트로 입히려고 색깔 맞춰서 샀는데 너무 귀엽네요 ㅜㅜ 적극 추천합니다!,5,1
아직아이에게크지만잘입힐께요^^,5,1
처음 구입해서 입혀봤는데 옷을 안 입던 아이라 어색해하다가 편한지 금방 적응해서 이쁘고 잘 입힐거같아요 다음에 또 구매할게요,5,1
가볍고 이뻐요  몸통은  잘맞는데  목부분이  많이크네요    울강쥐가  목이 가늘어서  그런지  암튼  상품은  괜찮아요   저렴하게  구매해서  만족해요,5,1
따뜻하게  잘입을수  있겠어요   아이들도  좋아하네요   신축성이  없다고 해서  사이즈보다 큰걸로  주문했는데  약간커요   활동하긴  괜찮을것  같아요  가격대비   상품  좋아요  굿~~~~,5,1
강아지 옷이 예쁘고 좋아요,5,1
옷도 이쁘고 아이가 좋아해요 ㅋㅋ 그리고 따뜻,5,1
세상 나아뿐 사장님 물건 좋아 가격 저렴해 배송은 로켓배송 세상 좋은거 혼자 다하심 흥흥 흥하세요!!!!,5,1
세상에 나아뿐 사장님 물건좋고 가격 저렴하고 배송은 로켓배송 세상 좋은거 혼자 다하심 흥흥흥하세요!!!,5,1
좋아요 가격대비 ㅋㅋ,5,1
좋아요 가격대비ㅎㅎ,5,1
첫구매라 사이즈를 잘못 사서 좀 그랬긴 하지만 개가 좋아해요 따뜻하게 겨울 나겠네요,5,1
저렴하고 괜찮아요^^,5,1
배송도 빠르고 옷이 따뜻하겠어요,5,1
배송도빠르고 품질 좋아요,5,1
좋아요가격대비 ㅇㅇㅇ,5,1
좋아요 가격대비 ㅇㅇㅇ,5,1
잘 받았어요~ 잘 입을게요,5,1
괜찮아요 이뻐요 ㅋㅋㅋ,5,1
사이즈가 다 작게 나온거같네요...  스몰사이즈 두개 주문했는데 사이즈가 다르네요...? 그래서 하나는 아에 못입게 생겼어요...,5,1
티셔츠랑 조끼 세트로 입히려고 색깔 맞춰서 샀는데 너무 귀엽네요 ㅜㅜ 적극 추천합니다!,5,1
아직아이에게크지만잘입힐께요^^,5,1
처음 구입해서 입혀봤는데 옷을 안 입던 아이라 어색해하다가 편한지 금방 적응해서 이쁘고 잘 입힐거같아요 다음에 또 구매할게요,5,1
가볍고 이뻐요  몸통은  잘맞는데  목부분이  많이크네요    울강쥐가  목이 가늘어서  그런지  암튼  상품은  괜찮아요   저렴하게  구매해서  만족해요,5,1
따뜻하게  잘입을수  있겠어요   아이들도  좋아하네요   신축성이  없다고 해서  사이즈보다 큰걸로  주문했는데  약간커요   활동하긴  괜찮을것  같아요  가격대비   상품  좋아요  굿~~~~,5,1
집에서 편하게 입히려고 샀는데 처음 옷 입는거치곤 잘 입고있어서 이쁘네요 쭉 잘 입겠죠,5,1
"배송빠르고 치수재서구매했는데, 거의 사이즈 맞아요.",5,1
사이즈체크해서 샀는데  잘맞고..빠른배송좋네요,5,1
사이즈 정사이즈에 면도 너무 고품질입니다. 가성비가 내려옵니다..너무 추천해요,5,1
신축성은 없어도  활동성이나 보온력은   좋아요  따뜻해서 올겨울은 걱정없어요   감사합니다,5,1
"신축성도 좋고, 면도 좋고, 가격도 좋고!! 꼭 사세요!",5,1
좋은상품  저렴하게 구매했어요   1벌이  똑딱이가  약해  목부분이 떨어졌어요   다른옷에  비해  똑딱이가   약해요  그래서  별하나  뺏어요,5,1
좀타이트해요 ~ 한싸이즈 큰걸살껄했네요,5,1
생각보다작고요 하나는 사이즈가완전다른게왔어요 ..강아지키우는사람이많아서 반품은그냥안하고 다른강아지주려고요~,5,1
3.5키로 말티즈인데 딱 맞아요~xl살걸 그랫어요 .,5,1
잘입할께요~따숩게 생겼습니다~,5,1
딱맞고 올겨울 따뜻하게 잘 입을거같아요~,5,1
따뜻해보이고 부드럽습니다,5,1
완전 따뜻해보여요~,5,1
"좀 작아요~ ,1.5키로한테 지금 딱! 맞아요",5,1
사진보다 훨씬 이뻐요!!!,5,1
빠름배송감사해요 옷이 너무 부드럽고 좋으네요,5,1
빠른배송감사하구요 옷 너무 따뜻할것같아요,5,1
울애기들이 엄청 편안해하고 이건재질좋고 따뜻해요 작년에도ㅈ같은거 입혔는데 푸들이 토깽이 눈알을뜯어서ㅜㅡ,5,1
배송도 빠르고 강아지 입히니 너무 귀여워요 7키론데 딱맞아요,5,1
배송빠르고 가격 착해요~~,4,1
배송빠르고 가격 착해요~,4,1
배송빠르고 가격착해요,4,1
배송 빠르고 옷 이쁘고 다 좋은데 브라운색 사이즈를 xl 시켰는데 두개다 투엑스라지가 왔어여 검수 잘하셔서 보내주시지;;,4,1
옷은 이쁜데 둘레가 많이 크네요ㅜ 모자가 안내려오게 단추도 있어서 그건 편해요~,4,1
등길이는 맞는데 둘레가 너무커요..바람이 많이 들어가서 안따뜻할거 같아요,4,1
사이즈 재서 주문했는데 옷들이 생각보다 다 크네요.,4,1
따뜻해보이고 사이즈는 딱 맞아요,4,1
배송도빠르고 저렴한데 이쁘네요,4,1
배송도빠르고 저렴한데 이쁘네요,4,1
배송도빠르고 저렴한데 이쁘네요,4,1
좋습니다~~~~~~~~~~~~~~~,4,1
좋습니다~~~~~~~~~~~~,4,1
좋습니다~~~~~~~~~~~~,4,1
착한가격 감사합니다,4,1
빠른배송 감사합니다,4,1
너무 작아요......,4,1
아기가 어려서  마이커요.. 조금더크면 예쁘게 입힐수있겄너요..,4,1
조금 빳빳하긴한데 안에 기모 있어서 좋네유,4,1
귀여워보여서 산건데 활동성은 안 좋은거같습니다,4,1
그냥 무난하게 입힐수있어요,4,1
보들보들 하고 활동성도 좋아서 맘에들어요 이뻐요,4,1
보들보들 귀여워요 맘에듭니다,4,1
울찌루산책할때쓰려고여,4,1
색도예쁘고 배송도 맘에드네여 감사합니다.,4,1
가겨개비조은거가타여,4,1
보들보들 너무좋아여,4,1
편하고너무너무조아여,4,1
색상 디자인 맘에 드는데 좀 커요,4,1
ㅋㅋ넘나 귀여워요! 진짜 길거리 나가면 지나가는 사람들 다들 빵 터지네요. 개가 좀 크고 프렌치불독이라서 무서워하는 분들이 좀 많은데 요 옷 입히니 많이 친근해해요.,4,1
저아요 감사합니다 ㅎㅎㅎ,4,1
배송 빨라서 좋았고 특가로 구매 했기 때문에 개이득이네용 ㅎㅎ 여분으로 하나 더 사고파요,4,1
넘넘귀여운아가옷 이쁘구편해여,4,1
빠른배송 감사합니다.,4,1
ㅋㅋㅋ패딩 너무 귀엽습니다 감사합니다 잘 입힐게요!,4,1
좋아요.ㆍ.ᆢ.ㆍ.,4,1
아직은 애가 많이 작아서.. 조금더키우고 예쁘게 입혀서 사진찍어올릴께요..^^,4,1
아직은 애가 많이 작아서.. 조금더키우고 예쁘게 입혀서 사진찍어올릴께요..^^,4,1
아직은 애가 워낙에 작아서..ㅠㅠ 조금더크면 예쁘게입히고..사진 올릴께요^^,4,1
좋아요.ㆍ.ㆍ?ㆍ.,4,1
좋아요?ㆍ?ㆍ?ㆍ.,3,0
7개월2.5키로 사이즈  딱좋아요~^^ 받자마자 입혀봤는데 옷도 넘예쁘고 하네스도 너무튼튼하네요~~~ 너무너무 맘에들어요~^^,3,0
천이 조금 얇지만 사이즈 넉넉해서 넘좋아요,3,0
옷은 엄청 따뜻해 보입니다 사이즈가 좀 크긴한데 넉넉하게 입힐수 있겠어용,3,0
다른강아지 옷보다 넉넉해서 좋아요,3,0
강아지 입혀보니 딱맞아서 좋네요 등판 상표도 있고 ㅋ,3,0
조끼 등길이가 되게 짧네요ㅠㅠ,3,0
새끼강아지들 입히려고 다양하게 시켰어요,3,0
너무 귀여워요~ 더 주문하려고요!,3,0
가격에 비해 질이 너무 좋아요,3,0
가격도 품질도 너무 좋아요!,3,0
크기도 딱이고 너무 예뻐요~,3,0
색상별로 전부 예뻐요~,3,0
너무 귀엽고 예뻐요~,3,0
자주 주문할게요!!!,3,0
부드럽고 길이감 다 좋음,3,0
배송 빠르고 부드러워요,3,0
가격도 저렴하구 옷이 따뜻해서 올겨울은 잘 나겠네요 ~ 맘에 들어요 ㅎㅎ,3,0
디자인이 괜챤아요.,3,0
톡톡하고 색상도 예뻐요^^~,3,0
저럼해서 좋아요^^~,5,1
가격도 착하구 디자인이 너무 귀여워요 ㅎㅎ 잘 입힐것 같아요 ~ 감사합니다,5,1
톡톡해서 입고 외출해도 좋아요. 가격도 저렴해서 더욱 좋아요.,5,1
귀여워서 별5개 개고수도 고민중이에요 ㅋㅋ,5,1
옷은 예쁜데 길이가 조금 짧아요,5,1
따뜻해  보여서 좋아요,5,1
사이즈가 조금 작게 나온 거 같긴 한데 생활할 때 크게 불편함은 없어 보여요~!,5,1
사이즈는 정사이즈네요,5,1
"~~^^~~;;,,",5,1
"~~^^~~;;,,",5,1
울아가에게 넘 잘 어울려여 아가도 입는거 조아라하구 활동성도 조으네여 넘넘 이뻐서 담번에 도그아이에서 재구매 확정여,5,1
울아가에게 넘 잘 어울리고 넘 이뻐여 활동성도 굿이예여 입고잇는 모습 귀여워 가족들에게 사진찍어 보냇네여,5,1
7개월2.5키로 딱맞아요~^^ 면도 부들부들하니 좋고 너무예쁘네요~,5,1
사이즈가 조금 작게 나온게 아닌가 싶어요 저희 애기 4키론데 옷이 딱 맞더라구요 치수 잰것보다 한사이즈 크게 주문하는게 좋을듯해요,5,1
재질이 좋네요 사이즈는 소형견 기준인거 같아욥.. 아직 아간데 딱 맞아요,5,1
"강아지 가방,옷 전부 잘못선택",5,1
단색 올인원은 신축성이 다른것들에 비해서 덜하구여 나머지는 너무 잘맞구 너무 이뻐요ㅋㅋ다음에 겨울옷도 장만해야겠어요ㅋㅋ,5,1
등길이가 길어서 2xl주문했는데  가슴이 벙벙하니 크지만 실내복으로 산거라  이렇게 입히는게 편할거 같습니다,5,1
9키로 애긴데 잘맞습니다 너무 긔여움,5,1
2키로 애긴데 잘맞아요 너무 긔여움,5,1
사이즈가 다 작아요,2,0
여름에 더울거생각해서 매쉬소재로샀는데 가격대비 매우만족해요 겨울에 추우면 파카안에 매고 담요도 덮어주고하면 되니깐요^^,2,0
아직입혀보질못했어요 입혀보고.주문 또할께요,2,0
잘쓰고 있습니다...,2,0
아직.입혀보진못했어요 입혀보고. 추가주문할께요,2,0
맘에들어서 재구매했습니다. 우리집개한테 딱맞고 면 보들해서넘좋아요,2,0
너무 잘 맞아요 ㅌㅌㅌ,2,0
같은 사이즈 다른옷에 비하면 좀 작음 근데 신축성이 좋아 불편하진 않음,2,0
옷 너무 이뻐요❤ 울 애기 입히면 어찌나 이쁘구 귀여운지~~^^ 모자있는 잠옷 요래 모자랑 같이 씌우면 세상 둘도 없는 팔불출이된답니다ㅎㅎ 총6벌..같은거 2벌 더사서 8벌 샀는데 하나같이 다 이쁘구 면도 재질도 다~~좋아요~~^^ 제 마음에 너무 너무 들어용~~^^ 한번에 많이 주문하다보니 사이즈 착오가 있었는데 교환 친절하게 빨리 보내주시구❤ 여러가지로 감동 받았어용 좋은상품 감사합니다 번창하세용~~^^ 또 주문할게요~~^^,2,0
화면보다 살짝 진한 것 같아요 옷이 너무 구겨져서 왔네요ㅠ 3키로 푸들인데 역시 투엑스라지는 살짝 큰 것 같아요 목은 잘 맞는데ㅠ,2,0
라지사이즈랑 비슷한 크기예요. 좀 작게 나온거 같아요.,2,0
새옷 냄새가 너무 나서 한번 빨고 입히려고요 안감은 기모고요 겨울에 좋겠어용 애들이 둘이라 커플로 샀습니다,2,0
원단좋아요. 가슴둘레는 좀 작지만 입을만해요.,2,0
애들이 둘이라 커플룩으로 샀어요 3키로 아이 투엑스라지 했는데 살짝 커서요 아직 다른 애는 못입혀봤는데 1.8키로가 엑스라지니 큰애만큼 클 것 같네요ㅠ,2,0
원단이 정말 좋아요.  제품에 따라 사이즈가 좀 다르지만 원단이 맘에 들어 5점줍니다.,2,0
디자인도 예쁘고 재질도 좋아요 사람옷 같네요ㅎㅎ,2,0
촉감이 꼭 애기들 입는 오가닉원단 같아요 예민한 성격인데 입혀놔도 너무 편하게 잘 있네요 정말 잘 산 것 같아요^^,2,0
원단이 너무 좋네요,2,0
옷이 너무 구겨져서 왔어요 상품에는 문제가 없어요 빠른 배송감사합니다 안감이 기모라 겨울에 좋겠어요,2,0
빠른배송감사합니다. 잘 입힐께요,2,0
빠른배송감사합니다.,4,1
가격대비 마음에 듭니다   다음에 또 구매 계획있습니다,4,1
가격대비 괜찮습니다   또 구매 계획 있습니다,4,1
저렴한가격에 빠른배송에 감사해요,4,1
귀영워요  편할거 같아요,4,1
귀여워요 편할거 같아요,4,1
귀여워요 편할거 같아요,4,1
16살 노견이에요. 나이가 들어서 체온조절이안되서  여름에도 입을 옷 찾았는데너무 예쁘고 딱맞고 딱 너무이뻐요. 감사합니다.,4,1
배송 빠르게 잘받았어요,4,1
사고싶었던옷이라 싸게 잘샀어요 아직은 좀 더워서 입히진 못했네요,4,1
너무 귀여워요ㅠㅠ 색깔 짱 예쁨,4,1
댕댕이가 좋아하고 잘입네요,4,1
그냥 싼맛에 괜찮아요ㅋ,4,1
강아지가 편안하게 입고있어요,4,1
신축성도 있고 옷이 편안해요,4,1
"가을 겨울용이라, 살짝 입혀만 보고 말았어요 ㅋ 잘맞고 이쁩니다~",4,1
똘상트의 위엄 너무 이뻐요 ㅋㅋ,4,1
헿! 너무 이뻐요ㅋㅋ,4,1
